time,000001.SH,000016.SH,000300.SH,000510.CSI,000905.SH
2015-01-05,3350.519,2649.639,3641.541,3857.5419,5417.017
2015-01-06,3351.446,2629.402,3641.059,3884.4145,5479.864
2015-01-07,3373.954,2635.231,3643.79,3881.1241,5488.242
2015-01-08,3293.456,2558.107,3559.259,3809.7856,5444.037
2015-01-09,3285.412,2569.019,3546.723,3796.3019,5409.058
2015-01-12,3229.316,2543.852,3513.576,3762.283,5332.221
2015-01-13,3235.301,2527.828,3514.04,3780.4816,5405.091
2015-01-14,3222.437,2534.23,3502.423,3760.0415,5379.738
2015-01-15,3336.455,2632.89,3604.121,3851.0136,5449.038
2015-01-16,3376.495,2653.034,3635.146,3896.4089,5520.123
2015-01-19,3116.351,2410.201,3355.155,3628.9789,5281.895
2015-01-20,3173.052,2403.724,3396.222,3706.4998,5472.514
2015-01-21,3323.611,2542.318,3548.885,3850.8349,5611.694
2015-01-22,3343.344,2544.308,3567.613,3877.4336,5690.156
2015-01-23,3351.764,2564.514,3571.732,3866.5776,5633.289
2015-01-26,3383.182,2562.363,3607.985,3913.7835,5758.979
2015-01-27,3352.96,2522.103,3574.931,3892.563,5773.816
2015-01-28,3305.738,2486.285,3525.323,3843.0972,5739.919
2015-01-29,3262.305,2442.038,3481.798,3800.5375,5701.205
2015-01-30,3210.363,2405.38,3434.39,3745.072,5632.728
2015-02-02,3128.3,2332.533,3353.96,3674.9626,5609.389
2015-02-03,3204.907,2405.76,3437.445,3763.7134,5707.476
2015-02-04,3174.126,2372.455,3401.768,3730.8022,5683.519
2015-02-05,3136.531,2348.921,3366.946,3695.0401,5654.217
2015-02-06,3075.907,2325.241,3312.42,3630.3567,5534.785
2015-02-09,3095.124,2366.766,3345.921,3645.9968,5504.974
2015-02-10,3141.593,2403.548,3406.943,3712.35,5580.704
2015-02-11,3157.704,2415.128,3434.124,3749.6701,5641.786
2015-02-12,3173.416,2416.449,3442.874,3765.0154,5681.341
2015-02-13,3203.827,2427.474,3469.828,3800.1499,5769.272
2015-02-16,3222.363,2431.21,3499.483,3849.9354,5869.713
2015-02-17,3246.906,2445.26,3522.322,3875.4593,5911.098
2015-02-25,3228.843,2407.457,3478.729,3837.5241,5906.538
2015-02-26,3298.359,2478.061,3566.295,3911.9168,5969.557
2015-02-27,3310.303,2474.595,3572.843,3930.595,6018.463
2015-03-02,3336.285,2479.237,3601.265,3972.9684,6139.792
2015-03-03,3263.052,2396.805,3507.9,3891.6459,6118.656
2015-03-04,3279.533,2397.993,3530.822,3926.7405,6210.421
2015-03-05,3248.476,2366.899,3496.344,3892.9024,6208.988
2015-03-06,3241.187,2371.623,3478.52,3862.929,6133.026
2015-03-09,3302.408,2429.867,3537.75,3934.5648,6212.236
2015-03-10,3286.068,2395.428,3520.611,3935.6979,6276.485
2015-03-11,3290.9,2408.503,3524.653,3936.9467,6262.892
2015-03-12,3349.323,2485.114,3592.844,3990.9573,6260.137
2015-03-13,3372.911,2495.277,3617.657,4028.8841,6329.576
2015-03-16,3449.305,2550.861,3705.671,4136.914,6516.765
2015-03-17,3502.847,2583.198,3757.122,4190.2143,6618.054
2015-03-18,3577.301,2649.642,3846.055,4284.1993,6728.068
2015-03-19,3582.271,2630.243,3839.739,4287.5981,6782.463
2015-03-20,3617.318,2680.679,3892.574,4333.2492,6850.897
2015-03-23,3687.728,2720.671,3972.061,4429.8647,7017.154
2015-03-24,3691.41,2683.647,3973.046,4448.1721,7046.123
2015-03-25,3660.727,2649.161,3940.412,4431.9294,7124.872
2015-03-26,3682.095,2687.762,3949.999,4426.2738,7074.437
2015-03-27,3691.096,2689.24,3971.697,4451.6227,7155.945
2015-03-30,3786.568,2784.456,4088.178,4556.9053,7245.497
2015-03-31,3747.899,2754.658,4051.204,4528.096,7253.104
2015-04-01,3810.294,2799.451,4123.895,4617.7281,7425.733
2015-04-02,3825.784,2781.641,4124.776,4643.2332,7560.648
2015-04-03,3863.929,2817.181,4170.538,4694.8362,7679.01
2015-04-07,3961.378,2889.452,4260.044,4795.3533,7863.284
2015-04-08,3994.811,2952.079,4295.803,4796.4331,7807.997
2015-04-09,3957.534,2931.772,4262.138,4749.4766,7746.151
2015-04-10,4034.31,2986.605,4344.416,4854.2726,7952.189
2015-04-13,4121.715,3041.125,4421.073,4951.7281,8122.893
2015-04-14,4135.565,3052.407,4438.184,4968.5413,8119.959
2015-04-15,4084.163,3053.304,4380.513,4878.0317,7802.747
2015-04-16,4194.823,3183.302,4513.546,5017.9108,7912.088
2015-04-17,4287.296,3235.332,4596.136,5107.2988,7980.76
2015-04-20,4217.077,3164.461,4521.919,5044.9209,7839.901
2015-04-21,4293.623,3214.364,4619.164,5162.87,8112.687
2015-04-22,4398.494,3299.221,4739.814,5288.8004,8323.427
2015-04-23,4414.508,3273.398,4740.892,5304.6729,8410.703
2015-04-24,4393.686,3223.958,4702.641,5289.2793,8419.095
2015-04-27,4527.396,3308.454,4807.592,5403.4834,8513.016
2015-04-28,4476.215,3282.33,4741.861,5309.7444,8266.483
2015-04-29,4476.62,3283.282,4774.326,5368.614,8428.254
2015-04-30,4441.655,3250.49,4749.886,5359.6545,8469.673
2015-05-04,4480.464,3272.005,4787.741,5405.2189,8510.481
2015-05-05,4298.706,3148.813,4596.837,5193.1886,8199.344
2015-05-06,4229.266,3139.02,4553.327,5144.7123,8082.999
2015-05-07,4112.214,3094.883,4470.089,5029.3218,7903.478
2015-05-08,4205.917,3110.455,4558.404,5162.7185,8201.293
2015-05-11,4333.584,3169.134,4690.532,5335.1403,8558.218
2015-05-12,4401.219,3188.313,4747.421,5419.1901,8745.678
2015-05-13,4375.76,3141.296,4718.436,5399.6483,8824.929
2015-05-14,4378.311,3128.572,4700.778,5375.8077,8813.393
2015-05-15,4308.691,3060.411,4617.47,5302.7451,8742.885
2015-05-18,4283.491,2998.389,4575.14,5304.9817,8903.595
2015-05-19,4417.552,3116.086,4731.222,5458.2612,9124.833
2015-05-20,4446.288,3122.85,4754.919,5512.7935,9277.331
2015-05-21,4529.422,3150.901,4840.976,5640.3997,9619.223
2015-05-22,4657.596,3248.855,4951.335,5750.7901,9778.171
2015-05-25,4813.798,3349.945,5099.495,5910.5678,10040.09
2015-05-26,4910.897,3386.593,5198.918,6053.8983,10373.58
2015-05-27,4941.714,3344.738,5181.434,6046.5501,10497.34
2015-05-28,4620.266,3124.621,4834.007,5658.3991,9868.424
2015-05-29,4611.744,3111.334,4840.829,5687.7842,9966.845
2015-06-01,4828.738,3244.319,5076.179,5966.5832,10488.31
2015-06-02,4910.527,3258.31,5161.87,6105.3505,10886.4
2015-06-03,4909.978,3238.428,5143.59,6099.0969,10979.99
2015-06-04,4947.102,3299.03,5181.416,6117.0651,10965.41
2015-06-05,5023.096,3303.988,5230.552,6176.086,11144.52
2015-06-08,5131.881,3458.707,5353.751,6248.4349,11030.92
2015-06-09,5113.534,3413.996,5317.461,6220.5041,11013.74
2015-06-10,5106.036,3370.383,5309.112,6247.6675,11208.06
2015-06-11,5121.593,3347.116,5306.59,6270.6162,11366.29
2015-06-12,5166.35,3350.248,5335.115,6321.0305,11545.89
2015-06-15,5062.993,3262.479,5221.167,6189.5104,11332.89
2015-06-16,4887.432,3179.652,5064.821,5977.2946,10879.84
2015-06-17,4967.898,3211.707,5138.831,6082.1942,11100.55
2015-06-18,4785.356,3068.488,4930.549,5839.5094,10731.38
2015-06-19,4478.364,2903.057,4637.052,5482.0362,9987.407
2015-06-23,4576.492,3003.163,4786.091,5624.9181,10046.88
2015-06-24,4690.15,3045.244,4880.126,5733.8222,10267.63
2015-06-25,4527.779,2943.99,4706.516,5520.3067,9906.104
2015-06-26,4192.873,2736.695,4336.195,5084.9842,9078.065
2015-06-29,4053.03,2678.368,4191.549,4876.387,8484.643
2015-06-30,4277.222,2870.025,4472.998,5182.9614,8906.02
2015-07-01,4053.7,2736.847,4253.021,4930.1417,8411.91
2015-07-02,3912.767,2714.247,4107.996,4724.7092,7835.104
2015-07-03,3686.915,2582.266,3885.917,4465.1168,7355.491
2015-07-06,3775.912,2749.998,3998.537,4527.6142,7235.999
2015-07-07,3727.125,2812.446,3928.003,4413.2747,6763.526
2015-07-08,3507.192,2608.977,3663.038,4158.7049,6602.374
2015-07-09,3709.33,2781.077,3897.626,4397.5416,6896.352
2015-07-10,3877.803,2898.41,4106.556,4617.8877,7244.784
2015-07-13,3970.388,2869.051,4211.812,4768.9333,7695.635
2015-07-14,3924.487,2763.073,4112.149,4716.667,7859.057
2015-07-15,3805.703,2757.951,3966.759,4542.4272,7405.295
2015-07-16,3823.176,2742.847,3997.356,4591.7526,7578.759
2015-07-17,3957.352,2807.065,4151.496,4787.1366,7994.697
2015-07-20,3992.11,2783.761,4160.612,4823.754,8116.496
2015-07-21,4017.675,2772.774,4166.006,4840.8449,8220.463
2015-07-22,4026.045,2739.786,4157.16,4851.6873,8320.236
2015-07-23,4123.923,2790.764,4250.805,4963.6915,8551.991
2015-07-24,4070.908,2741.044,4176.279,4884.1031,8425.074
2015-07-27,3725.558,2493.29,3818.731,4484.0749,7794.181
2015-07-28,3663.002,2485.674,3811.093,4431.0485,7649.82
2015-07-29,3789.168,2531.445,3930.379,4592.5357,8022.796
2015-07-30,3705.766,2467.367,3815.412,4462.8271,7800.58
2015-07-31,3663.726,2461.24,3816.699,4442.8363,7727.061
2015-08-03,3622.905,2479.724,3829.235,4409.3684,7540.205
2015-08-04,3756.545,2534.711,3948.155,4578.0942,7942.095
2015-08-05,3694.573,2487.062,3866.9,4497.8153,7839.338
2015-08-06,3661.539,2467.525,3831.852,4464.4607,7792.028
2015-08-07,3744.205,2503.796,3906.945,4568.4356,8013.319
2015-08-10,3928.415,2617.659,4084.365,4778.0689,8394.086
2015-08-11,3927.908,2590.71,4066.669,4769.5525,8435.327
2015-08-12,3886.32,2561.127,4016.126,4706.3869,8336.337
2015-08-13,3954.556,2580.778,4075.463,4785.4093,8534.429
2015-08-14,3965.335,2577.038,4073.54,4786.9863,8625.242
2015-08-17,3993.668,2550.467,4077.872,4811.1809,8820.457
2015-08-18,3748.164,2407.967,3825.412,4501.3858,8161.269
2015-08-19,3794.109,2430.281,3886.136,4580.8875,8340.983
2015-08-20,3664.291,2356.917,3761.454,4441.5215,8049.512
2015-08-21,3507.744,2271.359,3589.536,4234.6728,7612.902
2015-08-24,3209.905,2058.252,3275.534,3877.1997,7006.189
2015-08-25,2964.967,1914.052,3042.927,3603.3488,6481.412
2015-08-26,2927.288,1942.45,3025.692,3550.6421,6238.526
2015-08-27,3083.591,2094.722,3205.638,3734.8831,6456.055
2015-08-28,3232.35,2159.958,3342.286,3907.5007,6842.894
2015-08-31,3205.986,2210.447,3366.536,3888.6637,6581.313
2015-09-01,3166.624,2230.321,3362.083,3822.0435,6169.207
2015-09-02,3160.167,2243.631,3365.832,3808.2624,6122.553
2015-09-07,3080.42,2133.978,3250.485,3718.9494,6143.557
2015-09-08,3170.452,2180.131,3334.023,3827.1072,6374.855
2015-09-09,3243.089,2211.2,3399.305,3910.7217,6551.007
2015-09-10,3197.893,2208.481,3357.561,3863.7915,6440.309
2015-09-11,3200.234,2195.391,3347.188,3866.4215,6493.319
2015-09-14,3114.798,2228.154,3281.132,3757.5178,6049.79
2015-09-15,3005.172,2175.173,3152.232,3601.6551,5708.03
2015-09-16,3152.263,2241.949,3309.248,3789.5932,6084.837
2015-09-17,3086.061,2194.823,3236.999,3716.9057,5965.409
2015-09-18,3097.917,2198.99,3251.273,3744.5351,6036.881
2015-09-21,3156.54,2214.448,3308.247,3826.9206,6250.439
2015-09-22,3185.619,2237.314,3339.03,3852.705,6295.926
2015-09-23,3115.888,2178.546,3263.028,3780.6744,6224.601
2015-09-24,3142.687,2188.088,3284.999,3811.2205,6315.11
2015-09-25,3092.347,2183.404,3231.951,3736.8874,6108.376
2015-09-28,3100.756,2169.941,3242.752,3767.7865,6219.692
2015-09-29,3038.137,2127.203,3178.854,3696.1137,6103.606
2015-09-30,3052.781,2146.118,3202.948,3719.3939,6123.727
2015-10-08,3143.357,2191.343,3296.482,3834.1691,6372.492
2015-10-09,3183.152,2219.294,3340.1159,3884.1087,6470.051
2015-10-12,3287.662,2283.429,3447.6934,4010.9675,6718.722
2015-10-13,3293.23,2270.948,3445.0431,4021.7154,6802.077
2015-10-14,3262.441,2253.908,3406.1116,3976.7903,6724.496
2015-10-15,3338.073,2297.901,3486.815,4075.8891,6929.237
2015-10-16,3391.352,2323.775,3534.0653,4128.4621,7047.56
2015-10-19,3386.7,2318.472,3534.1821,4120.3911,7047.372
2015-10-20,3425.33,2337.08,3577.7027,4176.7483,7162.075
2015-10-21,3320.676,2340.36,3473.2544,4030.3764,6712.739
2015-10-22,3368.739,2331.791,3524.5339,4107.2985,6964.298
2015-10-23,3412.434,2343.965,3571.2411,4169.2467,7138.234
2015-10-26,3429.581,2350.02,3589.2611,4188.4124,7186.755
2015-10-27,3434.336,2349.904,3592.8794,4204.2275,7231.436
2015-10-28,3375.196,2310.703,3524.9199,4121.5732,7048.895
2015-10-29,3387.315,2307.345,3533.3065,4137.6786,7108.975
2015-10-30,3382.561,2312.974,3534.0788,4132.9158,7084.971
2015-11-02,3325.085,2280.092,3475.9623,4062.5846,6936.432
2015-11-03,3316.695,2271.653,3465.4927,4049.3058,6920.103
2015-11-04,3459.64,2370.503,3628.5377,4235.3522,7267.988
2015-11-05,3522.819,2440.651,3705.9697,4294.2732,7276.451
2015-11-06,3590.032,2493.484,3793.3739,4386.3688,7446.847
2015-11-09,3646.881,2534.084,3840.3547,4447.4067,7543.801
2015-11-10,3640.485,2522.683,3833.2379,4439.3442,7575.008
2015-11-11,3650.249,2505.83,3833.6457,4450.1886,7684.666
2015-11-12,3632.902,2476.429,3795.3241,4412.1249,7682.452
2015-11-13,3580.839,2447.773,3746.2422,4343.3323,7567.108
2015-11-16,3606.957,2447.293,3764.1262,4382.9144,7718.855
2015-11-17,3604.795,2453.257,3758.3869,4361.7615,7650.381
2015-11-18,3568.468,2439.447,3715.5796,4310.7512,7526.942
2015-11-19,3617.062,2468.488,3774.9692,4389.2202,7718.622
2015-11-20,3630.5,2466.757,3774.3833,4406.4543,7806.266
2015-11-23,3610.315,2456.84,3753.3351,4379.3971,7744.182
2015-11-24,3616.113,2447.904,3753.8887,4384.4775,7798.498
2015-11-25,3647.93,2459.563,3781.6069,4429.3132,7922.384
2015-11-26,3635.552,2450.962,3759.4286,4401.6661,7874.08
2015-11-27,3436.303,2334.44,3556.9924,4163.2902,7376.124
2015-11-30,3445.405,2336.29,3566.4122,4170.3792,7408.399
2015-12-01,3456.309,2344.833,3591.696,4191.32,7443.945
2015-12-02,3536.905,2458.411,3721.9545,4287.673,7405.86
2015-12-03,3584.824,2461.449,3749.2985,4336.0828,7570.508
2015-12-04,3524.992,2397.562,3677.5922,4266.755,7511.675
2015-12-07,3536.927,2395.584,3687.6073,4292.0866,7602.228
2015-12-08,3470.07,2364.344,3623.0202,4210.2374,7404.142
2015-12-09,3472.439,2369.738,3635.9382,4213.5389,7374.274
2015-12-10,3455.495,2357.209,3623.0842,4205.3405,7350.21
2015-12-11,3434.581,2342.453,3608.0587,4183.5788,7290.702
2015-12-14,3520.668,2414.917,3711.322,4275.6589,7441.03
2015-12-15,3510.354,2383.832,3694.3885,4274.3467,7498.181
2015-12-16,3516.187,2376.535,3685.4398,4270.8077,7529.403
2015-12-17,3579.999,2408.321,3755.8881,4356.96,7716.246
2015-12-18,3578.964,2422.835,3767.9128,4369.3248,7699.37
2015-12-21,3642.472,2500.064,3865.9646,4467.4967,7788.564
2015-12-22,3651.767,2496.054,3876.7325,4486.1212,7856.608
2015-12-23,3636.089,2503.059,3866.3814,4455.2624,7773.283
2015-12-24,3612.485,2481.754,3829.4022,4431.4106,7753.037
2015-12-25,3627.914,2492.336,3838.201,4444.8893,7792.124
2015-12-28,3533.779,2411.408,3727.6316,4332.7719,7603.361
2015-12-29,3563.736,2432.88,3761.8745,4367.4066,7674.39
2015-12-30,3572.876,2432.773,3765.1752,4385.4199,7741.047
2015-12-31,3539.182,2420.801,3731.0047,4337.7514,7617.689
2016-01-04,3296.258,2270.461,3469.0662,4027.5947,6983.404
2016-01-05,3287.711,2288.113,3478.7797,4019.863,6889.741
2016-01-06,3361.84,2317.647,3539.8082,4096.0868,7065.607
2016-01-07,3125.002,2180.589,3294.3839,3807.7424,6462.243
2016-01-08,3186.412,2219.612,3361.5632,3869.9886,6570.432
2016-01-11,3016.704,2120.234,3192.4499,3665.7485,6128.656
2016-01-12,3022.861,2131.368,3215.7099,3686.6815,6136.663
2016-01-13,2949.597,2105.507,3155.879,3601.0601,5924.044
2016-01-14,3007.649,2132.076,3221.5714,3689.5725,6124.82
2016-01-15,2900.97,2070.928,3118.7301,3570.146,5893.682
2016-01-18,2913.837,2069.275,3130.7289,3599.0038,5978.908
2016-01-19,3007.739,2128.574,3223.1251,3707.8774,6197.095
2016-01-20,2976.694,2088.723,3174.3781,3653.8935,6138.503
2016-01-21,2880.482,2040.978,3081.3454,3539.2046,5886.884
2016-01-22,2916.562,2061.962,3113.4626,3580.0146,5980.611
2016-01-25,2938.515,2065.444,3128.886,3599.2376,6041.326
2016-01-26,2749.785,1951.614,2940.5085,3375.8067,5589.307
2016-01-27,2735.56,1953.46,2930.3519,3361.7612,5514.19
2016-01-28,2655.66,1912.72,2853.7562,3261.1192,5271.23
2016-01-29,2737.6,1973.01,2946.0902,3366.6156,5469.13
2016-02-01,2688.854,1937.073,2901.0477,3318.8023,5399.477
2016-02-02,2749.57,1969.616,2961.3337,3398.0151,5586.627
2016-02-03,2739.247,1952.367,2948.6386,3388.4741,5610.173
2016-02-04,2781.023,1974.236,2984.7598,3436.2455,5721.485
2016-02-05,2763.492,1967.26,2963.7894,3416.3323,5664.197
2016-02-15,2746.196,1948.275,2946.7066,3405.8696,5668.04
2016-02-16,2836.571,2000.903,3037.0353,3516.9284,5902.534
2016-02-17,2867.338,2014.443,3063.3199,3548.5831,5971.412
2016-02-18,2862.893,2009.273,3053.6985,3534.7269,5957.131
2016-02-19,2860.021,2004.107,3051.585,3537.7835,5979.516
2016-02-22,2927.175,2053.863,3118.8675,3608.259,6103.723
2016-02-23,2903.331,2029.522,3089.3632,3575.6008,6070.5
2016-02-24,2928.896,2041.388,3109.5454,3597.7793,6111.043
2016-02-25,2741.245,1932.602,2918.7501,3369.6444,5626.052
2016-02-26,2767.21,1955.395,2948.0306,3392.4095,5648.938
2016-02-29,2687.979,1944.611,2877.4666,3283.9878,5350.434
2016-03-01,2733.17,1973.194,2930.6937,3341.9379,5473.635
2016-03-02,2849.681,2043.407,3051.3327,3476.1184,5753.148
2016-03-03,2859.758,2053.273,3058.4219,3486.24,5776.977
2016-03-04,2874.147,2122.269,3093.8895,3491.7838,5621.561
2016-03-07,2897.34,2107.673,3104.8397,3520.3633,5752.548
2016-03-08,2901.387,2115.158,3107.6727,3532.0886,5764.325
2016-03-09,2862.556,2111.919,3071.907,3485.7295,5617.038
2016-03-10,2804.726,2061.451,3013.1457,3423.6837,5521.948
2016-03-11,2810.307,2070.724,3018.2844,3425.1256,5508.982
2016-03-14,2859.499,2078.41,3065.6904,3491.8128,5690.59
2016-03-15,2864.368,2101.117,3074.7796,3492.8947,5639.801
2016-03-16,2870.43,2136.128,3090.0328,3498.4988,5562.804
2016-03-17,2904.832,2131.481,3124.2039,3555.508,5745.975
2016-03-18,2955.15,2141.177,3171.963,3621.5771,5949.263
2016-03-21,3018.802,2193.385,3249.4372,3698.8873,6099.481
2016-03-22,2999.363,2173.256,3225.7903,3680.8102,6075.492
2016-03-23,3009.96,2175.283,3236.0924,3695.8114,6118.966
2016-03-24,2960.97,2137.59,3181.8507,3640.5211,6018.424
2016-03-25,2979.434,2149.204,3197.8169,3660.2757,6077.431
2016-03-28,2957.82,2123.035,3169.7283,3632.0108,6037.778
2016-03-29,2919.832,2106.862,3135.4098,3582.5037,5921.867
2016-03-30,3000.645,2157.53,3216.2753,3682.8653,6137.503
2016-03-31,3003.915,2156.541,3218.0879,3686.9259,6155.814
2016-04-01,3009.53,2167.782,3221.8948,3687.1516,6124.528
2016-04-05,3053.065,2180.262,3264.4858,3746.0871,6286.583
2016-04-06,3050.592,2168.037,3257.5276,3746.2594,6323.434
2016-04-07,3008.42,2139.404,3209.2902,3690.2202,6228.974
2016-04-08,2984.958,2123.804,3185.7258,3662.9429,6168.742
2016-04-11,3033.957,2148.439,3230.0957,3717.2585,6304.3
2016-04-12,3023.646,2143.896,3218.4497,3703.1615,6252.773
2016-04-13,3066.638,2171.315,3261.3831,3750.5442,6344.226
2016-04-14,3082.362,2178.868,3275.8321,3770.2291,6401.855
2016-04-15,3078.117,2182.067,3272.2053,3765.9938,6384.35
2016-04-18,3033.66,2158.23,3228.4531,3714.8451,6281.202
2016-04-19,3042.823,2163.607,3238.3029,3725.2128,6308.229
2016-04-20,2972.584,2154.886,3181.0264,3634.8552,6022.213
2016-04-21,2952.891,2147.718,3160.6033,3610.8995,5970.682
2016-04-22,2959.24,2157.724,3174.9012,3628.7066,6011.32
2016-04-25,2946.67,2148.28,3162.0331,3613.4271,5978.077
2016-04-26,2964.7,2155.791,3179.1605,3637.134,6046.773
2016-04-27,2953.671,2145.38,3165.9156,3622.6486,6016.699
2016-04-28,2945.589,2142.057,3160.5809,3614.5265,5990.329
2016-04-29,2938.324,2135.509,3156.7451,3611.1057,5985.594
2016-05-03,2992.643,2158.272,3213.5397,3687.06,6167.454
2016-05-04,2991.272,2152.934,3209.4614,3682.2283,6169.783
2016-05-05,2997.842,2152.882,3213.9199,3689.3502,6203.817
2016-05-06,2913.248,2107.009,3130.3544,3582.9423,5961.489
2016-05-09,2832.113,2072.467,3065.6154,3495.8655,5743.647
2016-05-10,2832.591,2072.382,3069.1124,3498.8197,5738.896
2016-05-11,2837.037,2078.413,3082.8086,3507.4312,5723.41
2016-05-12,2835.862,2084.838,3090.1372,3512.5726,5726.456
2016-05-13,2827.109,2076.188,3074.9351,3496.9699,5714.311
2016-05-16,2850.862,2082.616,3095.3085,3527.4963,5812.542
2016-05-17,2843.684,2075.465,3086.0249,3521.0498,5790.342
2016-05-18,2807.514,2078.759,3068.0358,3480.2655,5631.193
2016-05-19,2806.906,2073.804,3062.5002,3480.8394,5666.733
2016-05-20,2825.483,2083.117,3078.2183,3504.1126,5732.902
2016-05-23,2843.645,2082.412,3087.2225,3522.1239,5809.476
2016-05-24,2821.666,2066.643,3063.5556,3492.5771,5743.178
2016-05-25,2815.086,2071.907,3059.2259,3485.4236,5715.183
2016-05-26,2822.443,2076.137,3064.2111,3493.4141,5744.388
2016-05-27,2821.046,2074.92,3062.4993,3491.3789,5739.59
2016-05-30,2822.451,2092.161,3066.7095,3491.5341,5711.315
2016-05-31,2916.616,2155.656,3169.5598,3607.1016,5947.322
2016-06-01,2913.508,2138.963,3160.547,3604.5851,5973.78
2016-06-02,2925.229,2137.652,3167.0997,3615.4419,6013.894
2016-06-03,2938.682,2152.637,3189.3255,3642.5536,6032.603
2016-06-06,2934.098,2136.323,3178.7883,3634.9776,6051.86
2016-06-07,2936.045,2139.069,3177.0536,3632.2229,6045.357
2016-06-08,2927.159,2132.963,3163.9864,3617.816,6023.878
2016-06-13,2833.071,2084.3,3066.3413,3497.9083,5746.444
2016-06-14,2842.189,2095.023,3075.9834,3505.8405,5762.761
2016-06-15,2887.21,2106.631,3116.3682,3567.3392,5952.846
2016-06-16,2872.817,2094.815,3094.6748,3545.6498,5930.545
2016-06-17,2885.105,2102.201,3110.3572,3567.3609,5964.272
2016-06-20,2888.809,2104.22,3112.6744,3568.8956,5985.569
2016-06-21,2878.558,2104.558,3106.3175,3550.2861,5916.803
2016-06-22,2905.55,2115.769,3133.9611,3586.0684,6008.886
2016-06-23,2891.96,2105.532,3117.3168,3570.066,5978.174
2016-06-24,2854.286,2076.3,3077.1554,3527.3896,5903.62
2016-06-27,2895.703,2095.893,3120.5443,3586.177,6044.219
2016-06-28,2912.557,2102.053,3136.4013,3607.7416,6107.511
2016-06-29,2931.592,2122.97,3151.3898,3623.7546,6120.202
2016-06-30,2929.606,2122.633,3153.921,3628.7543,6123.494
2016-07-01,2932.476,2127.094,3154.2003,3627.5276,6111.539
2016-07-04,2988.604,2163.292,3204.6962,3684.8024,6231.881
2016-07-05,3006.392,2168.855,3207.3827,3688.5613,6269.505
2016-07-06,3017.292,2167.101,3216.8035,3701.2998,6297.397
2016-07-07,3016.847,2166.884,3209.9542,3694.3334,6319.793
2016-07-08,2988.094,2148.761,3192.2804,3676.8814,6299.853
2016-07-11,2994.917,2155.716,3203.3298,3690.0898,6312.499
2016-07-12,3049.381,2200.348,3273.1823,3761.3919,6395.145
2016-07-13,3060.689,2197.788,3282.8681,3777.5471,6446.563
2016-07-14,3054.018,2195.227,3276.7637,3774.6756,6455.583
2016-07-15,3054.296,2192.394,3276.2775,3770.9402,6441.016
2016-07-18,3043.564,2187.983,3262.0222,3758.1503,6412.073
2016-07-19,3036.598,2175.397,3248.2341,3749.3491,6431.938
2016-07-20,3027.9,2167.121,3237.6051,3738.2061,6417.922
2016-07-21,3039.009,2177.778,3252.5227,3754.7497,6442.709
2016-07-22,3012.816,2157.232,3225.1621,3725.7549,6390.925
2016-07-25,3015.828,2159.554,3230.885,3732.7276,6408.783
2016-07-26,3050.166,2182.505,3269.5882,3778.1114,6494.474
2016-07-27,2991.999,2173.973,3218.243,3699.2057,6229.289
2016-07-28,2994.323,2163.809,3221.1365,3707.6007,6243.288
2016-07-29,2979.339,2155.239,3203.9304,3685.6467,6202.892
2016-08-01,2953.385,2147.558,3176.8091,3646.5475,6109.278
2016-08-02,2971.279,2148.455,3189.0529,3665.4553,6168.509
2016-08-03,2978.461,2145.788,3193.5073,3672.3833,6198.389
2016-08-04,2982.426,2143.844,3201.2888,3684.1135,6238.231
2016-08-05,2976.696,2148.682,3205.1101,3680.2711,6203.287
2016-08-08,3004.277,2159.673,3234.1833,3719.5115,6290.756
2016-08-09,3025.681,2175.345,3256.9813,3748.8726,6341.55
2016-08-10,3018.746,2170.103,3243.3409,3734.0094,6318.268
2016-08-11,3002.638,2177.064,3233.3604,3708.912,6226.313
2016-08-12,3050.667,2222.488,3294.2337,3764.9295,6299.092
2016-08-15,3125.195,2287.656,3393.4239,3861.7813,6442.527
2016-08-16,3110.037,2257.699,3378.2451,3854.0275,6468.895
2016-08-17,3109.555,2253.736,3373.0476,3858.0542,6488.365
2016-08-18,3104.114,2244.72,3364.4851,3846.3137,6490.408
2016-08-19,3108.102,2249.342,3365.0197,3850.3811,6499.555
2016-08-22,3084.805,2237.128,3336.7949,3816.1203,6420.354
2016-08-23,3089.706,2241.952,3341.8298,3821.6289,6428.698
2016-08-24,3085.88,2232.213,3329.8631,3816.1745,6435.059
2016-08-25,3068.329,2222.152,3308.9721,3788.5635,6382.57
2016-08-26,3070.309,2219.308,3307.0902,3794.1954,6410.734
2016-08-29,3070.027,2214.259,3307.7812,3796.2959,6427.529
2016-08-30,3074.677,2224.062,3311.9872,3800.2635,6425.754
2016-08-31,3085.491,2232.712,3327.7938,3809.9602,6434.21
2016-09-01,3063.305,2220.403,3301.5767,3785.6725,6381.476
2016-09-02,3067.352,2229.893,3314.1142,3791.8221,6356.954
2016-09-05,3072.095,2228.718,3319.6803,3802.3642,6391.792
2016-09-06,3090.713,2232.451,3342.6259,3837.6265,6492.972
2016-09-07,3091.928,2236.546,3340.8172,3838.4043,6494.316
2016-09-08,3095.954,2236.626,3339.564,3841.8738,6517.984
2016-09-09,3078.855,2229.31,3318.044,3816.5121,6471.053
2016-09-12,3021.977,2199.976,3262.6043,3743.6749,6291.636
2016-09-13,3023.51,2193.193,3260.333,3745.0686,6320.032
2016-09-14,3002.849,2176.523,3238.7299,3720.0883,6278.158
2016-09-19,3026.051,2189.461,3263.1242,3751.6766,6344.181
2016-09-20,3023.0,2184.207,3257.4034,3744.4177,6342.033
2016-09-21,3025.874,2187.154,3266.6363,3752.3777,6343.754
2016-09-22,3042.313,2200.698,3291.1211,3779.5449,6385.635
2016-09-23,3033.896,2196.29,3275.6665,3766.7114,6370.583
2016-09-26,2980.43,2167.264,3220.2838,3699.4236,6241.516
2016-09-27,2998.172,2176.448,3240.7546,3721.5045,6286.909
2016-09-28,2987.858,2166.723,3230.8904,3712.1879,6281.284
2016-09-29,2998.483,2175.37,3244.3874,3724.7589,6298.791
2016-09-30,3004.703,2177.352,3253.2848,3736.2598,6328.086
2016-10-10,3048.143,2202.873,3293.8689,3796.4795,6447.693
2016-10-11,3065.25,2209.228,3306.5573,3814.2328,6486.425
2016-10-12,3058.498,2200.997,3300.0099,3808.5399,6482.738
2016-10-13,3061.346,2202.117,3302.6455,3809.3507,6484.831
2016-10-14,3063.809,2209.815,3305.8481,3809.0847,6469.492
2016-10-17,3041.166,2192.885,3277.8787,3776.5238,6413.149
2016-10-18,3083.875,2222.783,3321.3324,3824.304,6509.282
2016-10-19,3084.719,2221.534,3316.2407,3817.9453,6495.257
2016-10-20,3084.458,2223.424,3318.6044,3820.5828,6498.238
2016-10-21,3090.941,2240.75,3327.74,3824.5797,6475.281
2016-10-24,3128.247,2270.95,3367.5778,3864.0825,6539.466
2016-10-25,3131.939,2266.172,3367.4547,3868.6425,6563.354
2016-10-26,3116.312,2257.116,3354.8003,3851.7442,6530.39
2016-10-27,3112.35,2250.259,3345.695,3839.0897,6517.359
2016-10-28,3104.27,2253.802,3340.1262,3823.344,6455.835
2016-10-31,3100.492,2250.469,3336.2778,3816.1186,6452.206
2016-11-01,3122.436,2263.479,3359.0515,3844.1212,6507.95
2016-11-02,3102.733,2244.744,3333.3524,3811.749,6455.13
2016-11-03,3128.936,2273.633,3365.085,3840.2688,6483.732
2016-11-04,3125.317,2271.926,3354.1749,3826.8585,6462.593
2016-11-07,3133.333,2276.954,3356.5916,3828.1705,6468.817
2016-11-08,3147.888,2282.418,3371.1177,3846.9962,6503.178
2016-11-09,3128.37,2263.924,3353.0547,3826.3037,6453.572
2016-11-10,3171.282,2289.449,3390.6119,3868.2318,6536.965
2016-11-11,3196.044,2308.429,3417.2211,3888.5233,6583.886
2016-11-14,3210.371,2317.773,3430.2482,3903.6069,6615.007
2016-11-15,3206.986,2310.901,3429.8697,3910.5361,6640.462
2016-11-16,3205.057,2309.943,3429.5921,3911.1819,6644.188
2016-11-17,3208.453,2316.721,3436.535,3915.7873,6636.469
2016-11-18,3192.856,2307.274,3417.4554,3898.119,6602.327
2016-11-21,3218.148,2334.678,3441.1106,3918.6957,6611.54
2016-11-22,3248.352,2353.002,3468.3637,3947.1435,6661.246
2016-11-23,3241.137,2360.336,3474.7289,3947.6739,6631.173
2016-11-24,3241.736,2368.734,3488.7402,3953.7365,6623.049
2016-11-25,3261.938,2393.946,3521.2984,3985.1454,6652.818
2016-11-28,3277.0,2403.135,3535.0807,4005.3874,6670.804
2016-11-29,3282.924,2441.579,3564.0404,4031.3305,6620.795
2016-11-30,3250.034,2419.414,3538.001,4006.8361,6585.578
2016-12-01,3273.309,2431.306,3565.036,4028.572,6624.466
2016-12-02,3243.843,2416.508,3528.9547,3984.8187,6520.975
2016-12-05,3204.709,2375.258,3469.4073,3935.1519,6486.017
2016-12-06,3199.647,2368.682,3459.1533,3928.5597,6490.89
2016-12-07,3222.242,2376.919,3475.7473,3950.8773,6558.025
2016-12-08,3215.366,2379.001,3470.1426,3943.2097,6527.434
2016-12-09,3232.883,2411.314,3493.7004,3959.0922,6513.916
2016-12-12,3152.97,2387.159,3409.1794,3848.8734,6249.078
2016-12-13,3155.037,2372.931,3405.0355,3848.0778,6278.179
2016-12-14,3140.531,2360.379,3378.9453,3819.2252,6239.499
2016-12-15,3117.677,2309.816,3340.4338,3789.1427,6280.398
2016-12-16,3122.982,2302.315,3346.0305,3800.0578,6318.524
2016-12-19,3118.085,2291.384,3328.9827,3783.2907,6320.732
2016-12-20,3102.876,2279.683,3309.0641,3762.642,6300.638
2016-12-21,3137.43,2297.371,3338.536,3796.4677,6347.606
2016-12-22,3139.558,2292.041,3335.672,3794.5918,6341.788
2016-12-23,3110.154,2278.478,3307.5991,3764.912,6281.997
2016-12-26,3122.569,2294.709,3322.4006,3779.9895,6294.755
2016-12-27,3114.664,2286.962,3316.3852,3773.756,6288.859
2016-12-28,3102.236,2277.176,3301.8887,3757.9627,6270.24
2016-12-29,3096.097,2275.106,3297.7648,3753.8731,6252.608
2016-12-30,3103.637,2286.898,3310.0808,3764.9901,6263.626
2017-01-03,3135.921,2307.892,3342.2272,3799.1096,6320.763
2017-01-04,3158.794,2322.206,3368.3117,3833.7502,6394.669
2017-01-05,3165.411,2322.684,3367.7892,3835.8535,6399.284
2017-01-06,3154.321,2308.936,3347.6665,3815.5961,6371.617
2017-01-09,3171.236,2318.337,3363.9014,3837.4944,6415.418
2017-01-10,3161.671,2312.599,3358.2716,3829.2325,6393.928
2017-01-11,3136.754,2300.475,3334.4954,3803.515,6331.964
2017-01-12,3119.289,2295.403,3317.6241,3780.4424,6272.851
2017-01-13,3112.764,2308.055,3319.9122,3771.8193,6194.658
2017-01-16,3103.428,2337.394,3319.4455,3750.7867,6031.241
2017-01-17,3108.775,2329.595,3326.3563,3767.1672,6082.066
2017-01-18,3113.012,2342.775,3339.3653,3776.2217,6068.593
2017-01-19,3101.299,2334.957,3329.2891,3763.3609,6043.675
2017-01-20,3123.139,2347.183,3354.8891,3796.8138,6121.998
2017-01-23,3136.775,2347.105,3364.0808,3811.0509,6172.167
2017-01-24,3142.553,2352.424,3364.4509,3808.9266,6165.264
2017-01-25,3149.555,2358.697,3375.9042,3822.2281,6179.568
2017-01-26,3159.166,2364.024,3387.9606,3839.377,6223.706
2017-02-03,3140.17,2339.989,3364.4923,3816.1006,6207.092
2017-02-06,3156.984,2343.967,3373.2051,3831.8622,6259.247
2017-02-07,3153.088,2337.535,3365.6849,3823.4406,6255.927
2017-02-08,3166.982,2346.426,3383.2878,3840.7936,6291.598
2017-02-09,3183.179,2354.901,3396.2924,3857.2631,6331.177
2017-02-10,3196.699,2368.183,3413.4868,3872.0102,6337.108
2017-02-13,3216.839,2379.306,3436.275,3895.2205,6369.653
2017-02-14,3217.928,2373.514,3435.8042,3895.1577,6374.885
2017-02-15,3212.986,2372.192,3421.7131,3874.5269,6311.696
2017-02-16,3229.618,2376.763,3440.9331,3896.4354,6359.336
2017-02-17,3202.076,2362.709,3421.4419,3870.436,6307.163
2017-02-20,3239.961,2394.12,3471.3926,3924.9251,6385.063
2017-02-21,3253.326,2396.884,3482.823,3941.8374,6434.438
2017-02-22,3261.218,2398.192,3489.7567,3952.8755,6474.225
2017-02-23,3251.375,2387.417,3473.3236,3940.815,6473.993
2017-02-24,3253.433,2389.877,3473.8517,3943.478,6476.166
2017-02-27,3228.66,2370.559,3446.2228,3914.414,6424.255
2017-02-28,3241.733,2370.707,3452.8103,3922.0586,6450.97
2017-03-01,3246.934,2371.925,3458.4376,3930.0046,6467.639
2017-03-02,3230.028,2354.913,3435.0963,3904.1344,6434.626
2017-03-03,3218.312,2347.146,3427.8628,3902.1899,6452.839
2017-03-06,3233.866,2349.889,3446.484,3926.9453,6517.324
2017-03-07,3242.406,2356.293,3453.9565,3935.9262,6523.187
2017-03-08,3240.665,2358.074,3448.7313,3928.293,6497.088
2017-03-09,3216.746,2346.553,3426.9438,3903.8156,6439.382
2017-03-10,3212.76,2339.234,3427.8916,3904.9815,6447.917
2017-03-13,3237.024,2354.89,3458.098,3938.9833,6507.896
2017-03-14,3239.328,2354.9,3456.6934,3936.1723,6493.485
2017-03-15,3241.76,2357.307,3463.6436,3944.2827,6486.062
2017-03-16,3268.935,2369.194,3481.5066,3964.1099,6543.341
2017-03-17,3237.447,2346.96,3445.8051,3927.1801,6483.246
2017-03-20,3250.808,2350.067,3449.6126,3937.3293,6498.342
2017-03-21,3261.611,2357.136,3466.3468,3958.5796,6515.946
2017-03-22,3245.22,2338.547,3450.0502,3944.5778,6499.793
2017-03-23,3248.55,2347.434,3461.9782,3955.0251,6512.187
2017-03-24,3269.445,2365.604,3489.5997,3984.8284,6546.615
2017-03-27,3266.955,2364.428,3478.0385,3969.2032,6516.033
2017-03-28,3252.948,2356.314,3469.8093,3959.5299,6498.69
2017-03-29,3241.314,2352.694,3465.1933,3954.8084,6480.543
2017-03-30,3210.237,2346.667,3436.758,3912.6564,6375.744
2017-03-31,3222.514,2359.752,3456.0455,3936.3665,6401.648
2017-04-05,3270.305,2384.264,3503.8932,3994.4783,6539.967
2017-04-06,3281.005,2390.389,3514.0469,4009.081,6559.653
2017-04-07,3286.616,2388.271,3517.4634,4015.3164,6578.726
2017-04-10,3269.393,2379.157,3505.1392,4000.3318,6566.544
2017-04-11,3288.966,2382.109,3517.328,4017.3141,6629.166
2017-04-12,3273.83,2378.863,3509.4387,4000.1446,6576.476
2017-04-13,3275.96,2368.106,3514.5662,4011.4166,6615.704
2017-04-14,3246.067,2355.52,3486.5045,3976.3629,6528.162
2017-04-17,3222.167,2357.523,3479.9417,3964.6797,6456.598
2017-04-18,3196.713,2337.351,3462.7429,3946.7238,6418.211
2017-04-19,3170.687,2325.042,3445.8761,3923.0876,6350.647
2017-04-20,3172.1,2335.647,3461.5481,3940.3687,6347.773
2017-04-21,3173.151,2347.675,3466.7865,3937.4354,6300.713
2017-04-24,3129.531,2341.93,3431.2587,3883.8038,6138.505
2017-04-25,3134.567,2344.741,3440.9743,3900.337,6160.461
2017-04-26,3140.847,2344.505,3445.1832,3907.4039,6176.398
2017-04-27,3152.187,2351.64,3446.7202,3915.4443,6192.304
2017-04-28,3154.658,2347.039,3439.753,3911.2957,6211.862
2017-05-02,3143.712,2336.792,3426.5766,3903.8262,6216.115
2017-05-03,3135.346,2329.766,3413.1282,3890.5155,6197.478
2017-05-04,3127.369,2325.433,3404.3864,3880.9399,6176.305
2017-05-05,3103.038,2320.602,3382.5502,3852.2751,6089.683
2017-05-08,3078.613,2326.097,3358.8125,3816.9552,5975.54
2017-05-09,3080.527,2316.294,3352.5324,3816.2249,6012.002
2017-05-10,3052.785,2324.922,3337.7007,3785.9821,5885.841
2017-05-11,3061.5,2339.29,3356.6459,3804.3355,5872.639
2017-05-12,3083.513,2375.45,3385.3787,3828.3163,5863.783
2017-05-15,3090.229,2381.752,3399.1937,3843.8669,5893.508
2017-05-16,3112.964,2381.317,3428.6491,3888.3402,6014.734
2017-05-17,3104.442,2363.559,3409.9656,3871.1481,6027.65
2017-05-18,3090.139,2354.753,3398.1127,3854.4413,5976.3
2017-05-19,3090.631,2361.662,3403.8492,3860.4537,5974.977
2017-05-22,3075.676,2381.553,3411.2387,3862.4507,5888.813
2017-05-23,3061.947,2411.8,3424.194,3858.0121,5764.876
2017-05-24,3064.076,2407.571,3424.1669,3862.6598,5799.25
2017-05-25,3107.831,2473.495,3485.6581,3916.6096,5850.801
2017-05-26,3110.059,2471.214,3480.4345,3911.5192,5836.934
2017-05-31,3117.178,2479.078,3492.8845,3917.4818,5824.104
2017-06-01,3102.623,2496.448,3497.7382,3906.0946,5709.999
2017-06-02,3105.54,2475.464,3486.5074,3904.1428,5772.517
2017-06-05,3091.656,2450.346,3468.7538,3896.3399,5815.802
2017-06-06,3102.126,2466.006,3492.8816,3921.102,5841.523
2017-06-07,3140.325,2484.033,3533.8718,3973.8876,5955.015
2017-06-08,3150.334,2507.034,3560.9786,4002.323,5958.977
2017-06-09,3158.4,2519.273,3576.1703,4021.4056,5969.274
2017-06-12,3139.877,2521.168,3574.3894,4015.7345,5902.855
2017-06-13,3153.743,2515.143,3582.2674,4033.6754,5980.057
2017-06-14,3130.674,2477.317,3535.2987,3988.8494,5966.431
2017-06-15,3132.486,2461.974,3528.7926,3988.1408,6021.165
2017-06-16,3123.166,2452.79,3518.7611,3978.209,6013.0
2017-06-19,3144.374,2484.116,3553.6653,4012.8002,6057.412
2017-06-20,3140.014,2474.425,3546.494,4008.327,6066.905
2017-06-21,3156.212,2497.254,3587.955,4049.4592,6078.193
2017-06-22,3147.453,2516.673,3590.3425,4038.1248,5992.335
2017-06-23,3157.873,2529.098,3622.8831,4072.3855,6010.314
2017-06-26,3185.444,2543.321,3668.0919,4124.9334,6111.641
2017-06-27,3191.197,2554.7,3674.7152,4132.5426,6113.166
2017-06-28,3173.201,2537.636,3646.1666,4101.858,6086.211
2017-06-29,3188.063,2552.975,3668.8279,4129.7373,6116.993
2017-06-30,3192.427,2549.968,3666.7977,4132.4485,6138.156
2017-07-03,3195.912,2534.368,3650.8463,4123.3094,6177.395
2017-07-04,3182.804,2511.151,3619.9841,4093.7736,6146.853
2017-07-05,3207.134,2548.099,3659.6795,4135.5431,6193.964
2017-07-06,3212.444,2553.879,3660.0967,4138.0822,6201.654
2017-07-07,3217.957,2543.658,3655.9293,4129.6804,6226.011
2017-07-10,3212.632,2550.115,3653.6868,4119.8619,6206.557
2017-07-11,3203.038,2570.592,3670.8086,4124.6846,6128.994
2017-07-12,3197.544,2565.143,3658.8236,4114.7146,6132.992
2017-07-13,3218.163,2600.954,3686.9205,4135.2374,6149.934
2017-07-14,3222.417,2622.984,3703.094,4142.5336,6128.74
2017-07-17,3176.465,2631.414,3663.5575,4073.055,5876.459
2017-07-18,3187.567,2624.308,3667.1807,4086.0901,5938.434
2017-07-19,3230.976,2657.888,3729.7466,4143.5552,6059.358
2017-07-20,3244.865,2665.448,3747.8843,4164.1309,6099.284
2017-07-21,3237.982,2639.213,3728.5976,4153.4966,6126.108
2017-07-24,3250.599,2654.379,3743.4686,4173.7205,6167.128
2017-07-25,3243.689,2643.073,3719.559,4154.5406,6153.598
2017-07-26,3247.675,2636.201,3705.3884,4138.2171,6146.703
2017-07-27,3249.781,2636.626,3712.1947,4153.0477,6184.021
2017-07-28,3253.24,2636.394,3721.8914,4168.0114,6215.463
2017-07-31,3273.028,2638.124,3737.8732,4190.4647,6298.0
2017-08-01,3292.638,2681.805,3770.3828,4217.4016,6286.536
2017-08-02,3285.057,2680.631,3760.8525,4203.0577,6251.863
2017-08-03,3272.929,2646.216,3727.8264,4177.956,6261.968
2017-08-04,3262.081,2627.803,3707.5796,4154.9047,6225.115
2017-08-07,3279.457,2634.176,3726.7948,4188.431,6303.421
2017-08-08,3281.873,2635.184,3732.2129,4195.9439,6303.716
2017-08-09,3275.573,2620.381,3731.044,4202.9017,6340.022
2017-08-10,3261.749,2611.341,3715.9208,4180.1071,6289.217
2017-08-11,3208.541,2570.257,3647.3503,4107.3717,6161.19
2017-08-14,3237.36,2591.454,3694.6831,4167.9554,6292.642
2017-08-15,3251.262,2605.242,3706.0566,4182.1552,6314.761
2017-08-16,3246.451,2595.002,3701.4207,4181.3329,6318.799
2017-08-17,3268.43,2604.084,3721.277,4204.9001,6366.034
2017-08-18,3268.724,2613.265,3724.6748,4207.1824,6347.756
2017-08-21,3286.906,2616.825,3740.9941,4229.5999,6403.78
2017-08-22,3290.226,2643.503,3752.298,4236.8818,6375.981
2017-08-23,3287.705,2659.78,3756.0884,4230.5477,6322.782
2017-08-24,3271.512,2646.402,3734.6458,4208.7435,6278.59
2017-08-25,3331.522,2706.242,3795.7544,4267.267,6346.531
2017-08-28,3362.651,2736.462,3842.7119,4307.902,6424.584
2017-08-29,3365.226,2739.129,3834.5376,4300.6834,6408.157
2017-08-30,3363.627,2728.231,3834.3005,4306.5467,6453.464
2017-08-31,3360.81,2714.631,3822.0928,4296.6011,6470.426
2017-09-01,3367.119,2710.119,3830.5383,4313.0568,6526.505
2017-09-04,3379.583,2711.348,3845.6163,4336.6581,6564.68
2017-09-05,3384.317,2729.848,3857.0464,4350.0137,6571.859
2017-09-06,3385.389,2714.331,3849.4499,4350.7066,6607.118
2017-09-07,3365.497,2691.829,3829.8713,4325.3425,6558.596
2017-09-08,3365.243,2686.69,3825.9895,4324.9867,6574.183
2017-09-11,3376.419,2674.75,3825.6453,4334.8098,6649.628
2017-09-12,3379.488,2692.54,3837.9341,4343.2945,6644.012
2017-09-13,3384.147,2687.671,3842.6061,4354.7325,6684.38
2017-09-14,3371.426,2672.836,3829.9554,4337.6923,6672.185
2017-09-15,3353.619,2668.376,3831.2965,4329.2509,6622.044
2017-09-18,3362.859,2674.176,3843.1428,4344.6927,6669.455
2017-09-19,3356.845,2670.691,3832.1161,4330.1914,6636.02
2017-09-20,3365.996,2662.627,3842.4353,4348.4666,6692.472
2017-09-21,3357.812,2675.551,3837.8176,4336.3872,6612.046
2017-09-22,3352.529,2679.053,3837.7304,4332.2423,6572.01
2017-09-25,3341.549,2680.652,3817.7915,4312.7774,6489.844
2017-09-26,3343.583,2678.991,3820.7816,4319.0888,6520.718
2017-09-27,3345.272,2661.553,3821.2,4329.8229,6583.14
2017-09-28,3339.642,2661.283,3822.5386,4334.514,6567.792
2017-09-29,3348.943,2672.327,3836.5013,4350.7582,6603.259
2017-10-09,3374.378,2692.077,3882.2076,4405.7858,6678.371
2017-10-10,3382.988,2695.537,3889.8637,4421.6783,6705.481
2017-10-11,3388.284,2707.522,3902.6868,4429.206,6666.47
2017-10-12,3386.1,2718.351,3912.9536,4441.3161,6659.096
2017-10-13,3390.523,2713.377,3921.0017,4457.564,6709.816
2017-10-16,3378.47,2726.642,3913.4462,4439.7651,6619.206
2017-10-17,3372.041,2723.535,3913.0688,4438.1563,6612.943
2017-10-18,3381.794,2753.011,3944.1626,4461.4683,6563.437
2017-10-19,3370.172,2756.035,3931.2495,4449.9689,6501.4
2017-10-20,3378.648,2737.641,3926.852,4453.3094,6571.424
2017-10-23,3380.699,2734.368,3930.7981,4464.348,6612.764
2017-10-24,3388.248,2753.649,3959.3953,4485.7478,6603.004
2017-10-25,3396.898,2752.139,3976.949,4509.4355,6647.892
2017-10-26,3407.567,2771.044,3993.5752,4529.935,6671.929
2017-10-27,3416.812,2814.272,4021.9676,4553.0646,6630.807
2017-10-30,3390.337,2809.107,4009.7218,4529.4597,6511.762
2017-10-31,3393.342,2793.712,4006.7179,4536.8216,6560.205
2017-11-01,3395.913,2789.402,3996.6221,4529.8612,6552.955
2017-11-02,3383.31,2794.102,3997.1343,4518.563,6484.926
2017-11-03,3371.744,2800.469,3992.6979,4508.8616,6426.98
2017-11-06,3388.174,2792.224,4020.8896,4552.27,6511.096
2017-11-07,3413.575,2821.956,4054.2465,4587.2696,6551.936
2017-11-08,3415.46,2819.957,4048.0057,4578.1024,6561.69
2017-11-09,3427.795,2832.961,4075.8998,4614.9951,6611.352
2017-11-10,3432.673,2862.343,4111.9112,4657.5041,6641.216
2017-11-13,3447.836,2873.515,4128.0733,4680.3014,6671.205
2017-11-14,3429.548,2861.423,4099.351,4644.7012,6614.514
2017-11-15,3402.525,2850.05,4073.6696,4606.8567,6537.656
2017-11-16,3399.25,2879.398,4105.0122,4645.9195,6558.309
2017-11-17,3382.908,2938.798,4120.8508,4629.0792,6361.942
2017-11-20,3392.399,2941.153,4143.8334,4665.2203,6433.17
2017-11-21,3410.498,2987.173,4217.7015,4728.2492,6456.352
2017-11-22,3430.464,3012.355,4227.5666,4739.3576,6439.442
2017-11-23,3351.918,2940.726,4102.3966,4597.0157,6274.512
2017-11-24,3353.821,2936.834,4104.2034,4595.2174,6278.029
2017-11-27,3322.23,2917.306,4049.9475,4529.5941,6194.552
2017-11-28,3333.657,2897.107,4055.8235,4552.5839,6299.312
2017-11-29,3337.862,2893.283,4053.7529,4545.8364,6318.368
2017-11-30,3317.188,2863.447,4006.0993,4494.6765,6263.421
2017-12-01,3317.617,2842.184,3998.1365,4497.1447,6316.407
2017-12-04,3309.618,2861.361,4018.8571,4516.165,6279.621
2017-12-05,3303.675,2910.476,4040.1704,4513.3912,6132.912
2017-12-06,3293.965,2875.732,4015.8211,4497.0883,6172.803
2017-12-07,3272.054,2848.888,3971.0569,4451.5076,6135.47
2017-12-08,3289.992,2865.341,4003.3792,4494.086,6203.143
2017-12-11,3322.196,2899.104,4069.4997,4571.9598,6286.166
2017-12-12,3280.814,2850.197,4016.0163,4514.8761,6233.212
2017-12-13,3303.037,2872.94,4050.0927,4557.5909,6277.441
2017-12-14,3292.439,2850.046,4026.1516,4540.2479,6284.081
2017-12-15,3266.137,2820.167,3980.8558,4489.6227,6235.761
2017-12-18,3267.922,2829.059,3985.2914,4489.7182,6199.989
2017-12-19,3296.538,2873.03,4035.3294,4544.139,6251.242
2017-12-20,3287.606,2879.643,4030.4898,4533.8187,6199.363
2017-12-21,3300.059,2895.366,4067.8485,4573.4883,6238.499
2017-12-22,3297.063,2880.773,4054.5984,4564.0026,6242.885
2017-12-25,3280.461,2880.097,4041.5401,4542.6228,6185.591
2017-12-26,3306.125,2894.336,4053.6224,4556.0573,6220.147
2017-12-27,3275.783,2839.635,3991.2075,4490.7637,6173.153
2017-12-28,3296.385,2859.054,4018.8974,4521.6263,6204.27
2017-12-29,3307.172,2860.436,4030.8549,4534.6224,6250.821
2018-01-02,3348.326,2908.732,4087.4012,4595.1473,6332.227
2018-01-03,3369.108,2913.26,4111.3925,4623.9656,6388.253
2018-01-04,3385.71,2919.479,4128.8119,4646.2937,6417.535
2018-01-05,3391.75,2932.356,4138.7505,4650.9782,6417.254
2018-01-08,3409.48,2947.761,4160.1595,4667.8575,6446.182
2018-01-09,3413.9,2969.318,4189.2977,4698.2052,6445.746
2018-01-10,3421.834,2995.564,4207.8132,4712.0192,6405.94
2018-01-11,3425.345,2997.045,4205.5863,4714.6474,6425.94
2018-01-12,3428.941,3018.596,4225.001,4728.1545,6399.374
2018-01-15,3410.488,3048.808,4225.2393,4704.6965,6253.376
2018-01-16,3436.594,3063.861,4258.473,4724.6667,6301.133
2018-01-17,3444.671,3076.182,4248.1164,4701.3364,6267.46
2018-01-18,3474.754,3106.552,4271.4168,4725.9061,6286.801
2018-01-19,3487.864,3117.821,4285.395,4727.3599,6272.38
2018-01-22,3501.362,3130.33,4336.5974,4796.037,6347.638
2018-01-23,3546.505,3176.504,4382.6129,4831.7305,6354.998
2018-01-24,3559.465,3180.332,4389.8853,4842.7841,6394.3
2018-01-25,3548.307,3157.459,4365.0794,4826.1125,6382.717
2018-01-26,3558.129,3172.778,4381.2996,4837.8397,6383.631
2018-01-29,3523.001,3120.695,4302.0181,4751.2781,6309.884
2018-01-30,3488.009,3079.118,4256.1021,4710.2992,6313.442
2018-01-31,3480.833,3116.833,4275.8986,4709.0027,6189.341
2018-02-01,3446.98,3141.23,4245.8978,4652.9809,5984.743
2018-02-02,3462.081,3149.641,4271.2326,4681.9955,6004.849
2018-02-05,3487.497,3181.339,4274.1464,4672.3376,5998.224
2018-02-06,3370.652,3117.491,4148.8856,4521.2774,5704.264
2018-02-07,3309.26,3029.601,4050.4972,4440.1784,5711.332
2018-02-08,3262.05,2945.844,4012.0472,4417.9567,5766.48
2018-02-09,3129.851,2810.027,3840.6527,4243.3489,5554.897
2018-02-12,3154.125,2805.211,3890.1046,4314.2667,5699.098
2018-02-13,3184.959,2852.717,3935.6324,4357.3511,5736.951
2018-02-14,3199.159,2871.787,3966.9614,4391.8887,5754.834
2018-02-22,3268.559,2931.882,4052.7332,4489.2091,5875.727
2018-02-23,3289.024,2957.171,4071.0889,4505.5471,5897.677
2018-02-26,3329.574,2973.786,4118.4186,4572.2394,6029.68
2018-02-27,3292.068,2927.097,4058.9806,4522.2663,6010.557
2018-02-28,3259.408,2878.667,4023.6415,4489.767,6023.677
2018-03-01,3273.755,2891.298,4049.0863,4528.5763,6090.225
2018-03-02,3254.528,2864.183,4016.461,4491.8889,6056.335
2018-03-05,3256.926,2863.991,4018.097,4496.2606,6064.098
2018-03-06,3289.642,2892.475,4066.5647,4542.1226,6145.577
2018-03-07,3271.668,2878.151,4036.6536,4507.9648,6086.487
2018-03-08,3288.406,2898.254,4077.6001,4555.0059,6131.514
2018-03-09,3307.166,2908.197,4108.8652,4601.5618,6206.975
2018-03-12,3326.699,2909.579,4127.6662,4638.0143,6295.778
2018-03-13,3310.239,2883.377,4091.2533,4600.3554,6254.146
2018-03-14,3291.382,2871.334,4073.3447,4573.5024,6189.317
2018-03-15,3291.112,2894.983,4096.1627,4598.5095,6180.111
2018-03-16,3269.882,2870.732,4056.4226,4553.8976,6146.306
2018-03-19,3279.252,2897.256,4074.2479,4580.5286,6153.834
2018-03-20,3290.64,2904.397,4077.7041,4589.439,6173.698
2018-03-21,3280.952,2894.184,4061.0502,4559.9449,6129.204
2018-03-22,3263.48,2866.67,4020.349,4519.6455,6101.228
2018-03-23,3152.761,2791.467,3904.9355,4373.2648,5787.152
2018-03-26,3133.722,2738.868,3879.893,4370.9337,5902.959
2018-03-27,3166.649,2747.587,3913.2689,4425.2517,6034.775
2018-03-28,3122.29,2694.826,3842.7155,4348.3232,5973.341
2018-03-29,3160.531,2738.791,3894.0498,4394.9766,6034.857
2018-03-30,3168.897,2722.153,3898.4977,4419.6119,6114.738
2018-04-02,3163.179,2711.374,3886.9189,4407.5523,6121.964
2018-04-03,3136.633,2697.272,3862.4796,4374.7124,6059.709
2018-04-04,3131.111,2702.369,3854.8625,4359.2321,6017.686
2018-04-09,3138.294,2715.732,3852.9292,4362.0983,6025.649
2018-04-10,3190.322,2780.804,3927.1729,4428.7815,6063.742
2018-04-11,3208.082,2785.339,3938.3434,4441.2153,6086.613
2018-04-12,3180.158,2749.699,3898.6354,4398.9149,6051.335
2018-04-13,3159.052,2726.396,3871.1443,4373.765,6027.187
2018-04-16,3110.649,2664.705,3808.863,4326.5878,6012.405
2018-04-17,3066.797,2635.703,3748.6412,4247.0348,5890.857
2018-04-18,3091.399,2653.769,3766.282,4277.3314,5970.658
2018-04-19,3117.376,2682.552,3811.843,4326.2464,6004.733
2018-04-20,3071.543,2647.376,3760.8543,4265.5909,5880.836
2018-04-23,3068.012,2664.918,3766.3257,4257.28,5823.921
2018-04-24,3128.927,2722.847,3843.4886,4347.0422,5957.193
2018-04-25,3117.974,2702.98,3828.7015,4337.141,5959.422
2018-04-26,3075.03,2666.024,3755.4941,4251.632,5847.977
2018-04-27,3082.232,2653.544,3756.8765,4251.8568,5860.984
2018-05-02,3081.177,2652.731,3763.6461,4256.7931,5855.323
2018-05-03,3100.859,2663.975,3793.0001,4288.857,5910.606
2018-05-04,3091.033,2646.355,3774.5981,4271.51,5909.294
2018-05-07,3136.645,2683.849,3834.1877,4343.6569,6019.141
2018-05-08,3161.498,2722.88,3878.6767,4386.8951,6041.814
2018-05-09,3159.15,2717.239,3871.6152,4382.3165,6029.233
2018-05-10,3174.413,2729.4,3893.0565,4403.3608,6040.572
2018-05-11,3163.263,2724.716,3872.8383,4378.1643,5991.342
2018-05-14,3174.032,2753.535,3909.2933,4411.6059,5967.554
2018-05-15,3192.118,2750.831,3924.0975,4437.5618,6020.57
2018-05-16,3169.565,2716.782,3892.8442,4407.7119,6004.07
2018-05-17,3154.283,2700.877,3864.0507,4375.564,5973.779
2018-05-18,3193.303,2740.535,3903.0637,4413.0195,5995.15
2018-05-21,3213.84,2745.804,3921.2421,4444.1628,6072.199
2018-05-22,3214.35,2728.0,3906.2081,4438.035,6092.907
2018-05-23,3168.964,2683.693,3854.5825,4379.2167,6013.847
2018-05-24,3154.651,2665.676,3827.217,4351.0839,5992.621
2018-05-25,3141.303,2661.291,3816.498,4328.4731,5917.798
2018-05-28,3135.082,2673.199,3833.2599,4342.0965,5891.263
2018-05-29,3120.461,2663.403,3804.0093,4311.6216,5835.446
2018-05-30,3041.443,2605.901,3723.3724,4221.1385,5682.588
2018-05-31,3095.474,2658.292,3802.3759,4306.3749,5754.475
2018-06-01,3075.137,2647.187,3770.5891,4261.6348,5685.116
2018-06-04,3091.191,2694.577,3807.5781,4295.5294,5683.149
2018-06-05,3114.206,2707.017,3845.3164,4350.3151,5779.078
2018-06-06,3115.18,2692.181,3837.3511,4344.913,5774.258
2018-06-07,3109.499,2695.237,3831.0128,4327.9812,5738.018
2018-06-08,3067.148,2652.082,3779.6159,4275.7208,5669.303
2018-06-11,3052.783,2660.408,3779.9818,4268.4929,5632.357
2018-06-12,3079.802,2687.702,3825.9534,4321.6536,5693.346
2018-06-13,3049.797,2671.627,3788.3391,4275.7926,5607.017
2018-06-14,3044.16,2671.298,3773.3655,4254.7161,5586.931
2018-06-15,3021.901,2667.975,3753.4338,4216.1514,5483.945
2018-06-19,2907.822,2599.78,3621.1166,4049.2306,5141.71
2018-06-20,2915.731,2598.328,3635.4436,4068.7377,5198.394
2018-06-21,2875.81,2579.052,3592.965,4011.6327,5089.252
2018-06-22,2889.76,2583.708,3608.9046,4034.5299,5160.123
2018-06-25,2859.336,2536.46,3560.4777,3985.4792,5125.033
2018-06-26,2844.508,2506.717,3531.1112,3969.4802,5160.283
2018-06-27,2813.178,2452.639,3459.2621,3895.9476,5109.498
2018-06-28,2786.897,2425.176,3423.5255,3851.1804,5055.109
2018-06-29,2847.418,2479.912,3510.9845,3960.3097,5217.764
2018-07-02,2775.557,2386.377,3407.9638,3856.4721,5138.783
2018-07-03,2786.888,2388.976,3409.2801,3864.8956,5197.131
2018-07-04,2759.126,2368.425,3363.7473,3809.1715,5121.344
2018-07-05,2733.882,2374.355,3342.4379,3773.2087,4982.763
2018-07-06,2747.229,2402.617,3365.1227,3800.9279,4996.63
2018-07-09,2815.11,2471.285,3459.1837,3905.2462,5107.551
2018-07-10,2827.625,2471.23,3467.5155,3915.3151,5136.533
2018-07-11,2777.771,2432.279,3407.5297,3847.455,5036.157
2018-07-12,2837.659,2474.625,3481.0559,3937.6473,5172.503
2018-07-13,2831.184,2476.864,3492.6897,3952.895,5204.186
2018-07-16,2814.042,2448.765,3472.0859,3934.943,5195.2
2018-07-17,2798.126,2430.445,3449.3773,3916.2274,5196.197
2018-07-18,2787.257,2420.759,3431.3227,3893.1918,5156.636
2018-07-19,2772.545,2426.163,3428.343,3884.7744,5111.327
2018-07-20,2829.271,2493.765,3492.8938,3949.5121,5175.252
2018-07-23,2859.542,2526.813,3525.7503,3984.673,5214.004
2018-07-24,2905.562,2563.584,3581.7057,4046.6041,5304.641
2018-07-25,2903.647,2563.687,3577.7522,4045.9122,5308.657
2018-07-26,2882.225,2530.991,3536.2456,3997.9869,5273.479
2018-07-27,2873.594,2525.092,3521.2269,3979.9423,5249.29
2018-07-30,2869.05,2541.308,3515.0794,3963.7087,5185.151
2018-07-31,2876.401,2545.124,3517.6568,3963.4486,5188.717
2018-08-01,2824.534,2490.245,3447.3882,3891.9349,5105.374
2018-08-02,2768.024,2440.313,3370.9579,3806.5339,4996.012
2018-08-03,2740.443,2413.503,3315.2839,3740.4673,4929.75
2018-08-06,2705.157,2406.537,3273.2728,3688.1382,4825.251
2018-08-07,2779.374,2479.78,3368.8695,3794.6677,4956.872
2018-08-08,2744.07,2446.998,3314.5075,3732.5811,4880.569
2018-08-09,2794.382,2504.617,3397.5298,3829.1001,5004.773
2018-08-10,2795.31,2503.206,3405.0191,3839.6611,5030.515
2018-08-13,2785.872,2478.509,3390.3441,3834.9884,5055.275
2018-08-14,2780.965,2469.2,3372.9137,3814.7527,5037.883
2018-08-15,2723.258,2408.722,3291.976,3722.2484,4932.806
2018-08-16,2705.192,2405.164,3276.7276,3694.4703,4888.371
2018-08-17,2668.966,2374.173,3229.6198,3637.1203,4803.029
2018-08-20,2698.466,2409.129,3267.2498,3672.298,4832.651
2018-08-21,2733.826,2452.383,3326.6489,3737.5742,4891.98
2018-08-22,2714.608,2450.154,3307.9545,3712.2761,4837.018
2018-08-23,2724.624,2461.067,3320.0257,3728.5015,4863.665
2018-08-24,2729.431,2471.999,3325.3347,3728.5544,4852.289
2018-08-27,2780.899,2522.34,3406.5735,3823.1953,4960.066
2018-08-28,2777.981,2511.145,3400.1705,3818.3321,4974.207
2018-08-29,2769.295,2503.48,3386.5736,3798.5157,4941.961
2018-08-30,2737.737,2479.21,3351.0942,3755.7925,4867.121
2018-08-31,2725.25,2474.477,3334.5036,3724.8883,4814.824
2018-09-03,2720.734,2465.88,3321.8248,3718.827,4838.873
2018-09-04,2750.58,2500.438,3363.8984,3767.2317,4890.281
2018-09-05,2704.337,2441.23,3298.1412,3694.8379,4815.034
2018-09-06,2691.593,2416.033,3262.8808,3658.9197,4793.345
2018-09-07,2702.301,2437.677,3277.6438,3671.014,4791.778
2018-09-10,2669.485,2413.426,3230.0681,3613.8022,4704.878
2018-09-11,2664.8,2398.768,3224.2116,3609.2877,4702.903
2018-09-12,2656.11,2381.388,3202.0248,3583.5799,4693.974
2018-09-13,2686.578,2415.312,3236.5662,3618.4882,4721.212
2018-09-14,2681.643,2425.421,3242.0902,3615.4735,4670.08
2018-09-17,2651.789,2399.881,3204.9224,3571.1859,4602.39
2018-09-18,2699.95,2458.768,3269.4319,3644.5058,4683.506
2018-09-19,2730.85,2487.077,3312.4823,3690.0217,4736.893
2018-09-20,2729.244,2487.422,3310.1258,3686.345,4733.481
2018-09-21,2797.485,2573.603,3410.4856,3788.5945,4805.215
2018-09-25,2781.139,2547.791,3379.8043,3764.742,4792.551
2018-09-26,2806.813,2582.767,3417.2413,3803.6564,4815.631
2018-09-27,2791.775,2575.449,3403.5902,3782.4559,4755.38
2018-09-28,2821.35,2606.668,3438.8649,3819.4427,4800.729
2018-10-08,2716.51,2486.822,3290.8988,3658.5179,4646.493
2018-10-09,2721.013,2491.663,3288.6906,3655.7108,4634.894
2018-10-10,2725.837,2494.056,3281.5978,3647.0381,4629.888
2018-10-11,2583.458,2390.503,3124.1139,3461.2477,4307.421
2018-10-12,2606.913,2444.131,3170.7262,3504.6938,4278.035
2018-10-15,2568.098,2412.479,3126.4516,3455.538,4199.153
2018-10-16,2546.33,2415.492,3100.9738,3416.9643,4099.683
2018-10-17,2561.614,2429.215,3118.2463,3439.761,4133.383
2018-10-18,2486.419,2369.068,3044.3918,3353.4947,4018.461
2018-10-19,2550.465,2446.32,3134.9455,3451.6605,4127.985
2018-10-22,2654.876,2540.152,3270.2732,3596.8575,4333.145
2018-10-23,2594.826,2464.812,3183.4257,3501.1518,4253.556
2018-10-24,2603.295,2477.488,3188.2018,3496.4061,4245.488
2018-10-25,2603.8,2485.099,3194.3084,3486.116,4234.421
2018-10-26,2598.847,2468.91,3173.635,3469.1389,4233.959
2018-10-29,2542.103,2389.577,3076.8889,3368.1894,4162.526
2018-10-30,2568.048,2415.649,3110.2605,3392.1002,4204.542
2018-10-31,2602.783,2451.121,3153.8234,3447.6826,4272.552
2018-11-01,2606.237,2460.162,3177.0338,3474.6193,4298.984
2018-11-02,2676.476,2542.768,3290.2455,3605.8798,4437.946
2018-11-05,2665.431,2511.59,3262.8351,3581.8366,4440.827
2018-11-06,2659.356,2499.679,3243.1504,3560.986,4438.097
2018-11-07,2641.342,2482.334,3221.9101,3540.8763,4415.136
2018-11-08,2635.632,2485.998,3212.7737,3528.8832,4382.329
2018-11-09,2598.872,2434.212,3167.4442,3482.5536,4368.614
2018-11-12,2630.52,2444.967,3205.1407,3535.4308,4481.688
2018-11-13,2654.88,2462.973,3237.3823,3575.31,4563.535
2018-11-14,2632.2425,2429.9857,3204.9427,3543.3896,4545.5089
2018-11-15,2668.1704,2459.1411,3242.3715,3583.7243,4619.8141
2018-11-16,2679.1097,2461.4445,3257.6735,3596.7523,4659.0965
2018-11-19,2703.5116,2492.0842,3294.6031,3622.8804,4670.737
2018-11-20,2645.8545,2446.7911,3218.4076,3540.8914,4537.4493
2018-11-21,2651.5053,2451.2723,3226.4918,3550.6245,4554.6747
2018-11-22,2645.4339,2437.6387,3214.4273,3540.5226,4551.3264
2018-11-23,2579.4831,2399.2026,3143.4752,3454.2365,4374.7644
2018-11-26,2575.8101,2401.8978,3141.2434,3453.3013,4367.4619
2018-11-27,2574.6792,2394.2943,3137.2413,3453.6493,4387.6515
2018-11-28,2601.7365,2421.1336,3178.9326,3496.0587,4441.8569
2018-11-29,2567.4434,2401.8524,3137.6542,3448.5366,4345.703
2018-11-30,2588.1875,2428.0445,3172.69,3484.0553,4376.6511
2018-12-03,2654.798,2488.0567,3260.9502,3587.6043,4515.1735
2018-12-04,2665.9577,2496.1425,3267.7095,3598.8366,4536.2104
2018-12-05,2649.8051,2481.7917,3252.0041,3581.4834,4502.7021
2018-12-06,2605.1813,2434.4908,3181.673,3503.3326,4411.0884
2018-12-07,2605.8876,2430.7223,3181.5646,3502.2692,4410.9593
2018-12-10,2584.5822,2408.6063,3144.7631,3464.6491,4359.3122
2018-12-11,2594.0881,2415.5777,3159.8158,3480.833,4395.5702
2018-12-12,2602.1526,2423.3178,3170.6092,3490.3326,4393.324
2018-12-13,2634.0491,2457.9046,3219.6924,3542.1518,4443.1572
2018-12-14,2593.7407,2423.3814,3165.9109,3477.6455,4337.1025
2018-12-17,2597.9737,2425.9446,3161.1966,3470.7976,4330.6465
2018-12-18,2576.6495,2397.8676,3128.4265,3441.6365,4307.2675
2018-12-19,2549.5634,2369.5483,3091.1255,3397.0682,4247.8991
2018-12-20,2536.2675,2334.9217,3067.4169,3375.2988,4259.7614
2018-12-21,2516.2506,2306.1451,3029.3951,3340.6993,4231.144
2018-12-24,2527.0071,2309.2327,3038.1981,3357.0204,4274.7218
2018-12-25,2504.819,2297.3326,3017.2815,3333.1757,4225.5124
2018-12-26,2498.2939,2281.5579,3002.0327,3316.3334,4208.4053
2018-12-27,2483.0864,2276.0571,2990.5057,3296.1055,4161.2702
2018-12-28,2493.8962,2293.0985,3010.6536,3310.2442,4168.0363
2019-01-02,2465.291,2262.7908,2969.5353,3267.2814,4131.9567
2019-01-03,2464.3628,2269.243,2964.8421,3255.2771,4112.807
2019-01-04,2514.8682,2314.6466,3035.8741,3324.3411,4210.8786
2019-01-07,2533.0887,2314.3193,3054.303,3355.1924,4288.3234
2019-01-08,2526.4622,2305.1708,3047.7035,3347.4103,4277.2967
2019-01-09,2544.3449,2332.7192,3078.4759,3378.7831,4288.7717
2019-01-10,2535.0985,2331.8507,3072.6864,3377.4276,4281.8606
2019-01-11,2553.8313,2354.4987,3094.7782,3402.6113,4314.8757
2019-01-14,2535.7653,2331.1358,3067.7845,3371.664,4286.5474
2019-01-15,2570.3449,2378.3696,3127.9904,3435.9825,4347.3555
2019-01-16,2570.4221,2381.2178,3128.6517,3435.9149,4336.8779
2019-01-17,2559.637,2371.3481,3111.4168,3414.4671,4303.7308
2019-01-18,2596.0056,2417.363,3168.1739,3474.2878,4347.8112
2019-01-21,2610.5094,2432.487,3185.6364,3498.1221,4373.6333
2019-01-22,2579.7041,2401.233,3143.3171,3447.5734,4308.2518
2019-01-23,2581.0041,2397.0493,3141.0532,3447.5907,4315.6846
2019-01-24,2591.6935,2411.5621,3158.7817,3468.4795,4338.17
2019-01-25,2601.7234,2441.64,3184.4696,3490.3314,4318.4417
2019-01-28,2596.9767,2437.0261,3183.7777,3488.2684,4307.2196
2019-01-29,2594.2536,2455.8968,3193.9698,3490.8436,4254.2875
2019-01-30,2575.5756,2440.0146,3168.4829,3458.7733,4211.6235
2019-01-31,2584.5724,2483.4709,3201.6331,3484.5301,4176.4739
2019-02-01,2618.2323,2499.6442,3247.3971,3544.1222,4294.2696
2019-02-11,2653.896,2527.4736,3306.4725,3618.569,4402.8668
2019-02-12,2671.8937,2533.1817,3330.3353,3646.1198,4439.485
2019-02-13,2721.0683,2580.6116,3397.0276,3715.8119,4512.4088
2019-02-14,2719.6999,2576.3062,3402.1403,3722.988,4532.1699
2019-02-15,2682.385,2517.4622,3338.7047,3663.5051,4502.7348
2019-02-18,2754.3566,2582.8512,3445.7448,3781.0623,4660.999
2019-02-19,2755.6459,2579.0463,3439.6078,3776.1583,4667.2836
2019-02-20,2761.2189,2588.166,3451.9273,3786.1583,4667.6243
2019-02-21,2751.8012,2577.2255,3442.7056,3774.869,4659.1431
2019-02-22,2804.2262,2623.0736,3520.1182,3849.7615,4777.2977
2019-02-25,2961.2834,2787.6987,3729.4831,4067.3305,5044.3466
2019-02-26,2941.5163,2733.9005,3684.6935,4030.2708,5038.5435
2019-02-27,2953.8242,2750.3391,3678.3921,4016.1168,5017.8842
2019-02-28,2940.9538,2743.9716,3669.3703,4020.4214,5025.2913
2019-03-01,2994.005,2819.4681,3749.7143,4099.0033,5067.225
2019-03-04,3027.5755,2832.5878,3794.104,4153.9437,5158.2467
2019-03-05,3054.2466,2828.8685,3816.0132,4199.2814,5295.2878
2019-03-06,3102.0991,2840.2717,3848.0903,4233.9843,5390.0294
2019-03-07,3106.4179,2789.7001,3808.8497,4194.6377,5458.6153
2019-03-08,2969.8614,2685.592,3657.579,4049.8709,5245.6999
2019-03-11,3026.9925,2708.5982,3729.9546,4149.3763,5456.381
2019-03-12,3060.3073,2719.7727,3755.3519,4191.216,5551.0029
2019-03-13,3026.9513,2723.9618,3724.1941,4133.8318,5424.8642
2019-03-14,2990.685,2729.1324,3698.4858,4096.2467,5298.5024
2019-03-15,3021.7512,2755.8053,3745.005,4144.2707,5359.0087
2019-03-18,3096.4176,2825.1837,3851.7479,4259.3593,5501.183
2019-03-19,3090.975,2806.8964,3833.9626,4249.4082,5522.1801
2019-03-20,3090.6403,2812.9179,3835.4397,4241.1678,5515.7856
2019-03-21,3101.455,2802.9647,3836.8913,4250.8982,5589.478
2019-03-22,3104.1487,2795.3909,3833.8013,4255.2663,5622.1402
2019-03-25,3043.0313,2718.1807,3742.8252,4168.5186,5549.6711
2019-03-26,2997.0954,2706.1537,3700.4388,4108.0975,5394.8787
2019-03-27,3022.7196,2741.5907,3743.3878,4152.0391,5447.8795
2019-03-28,2994.9434,2733.9743,3728.3953,4131.1838,5370.1234
2019-03-29,3090.758,2838.5054,3872.3412,4279.364,5547.6561
2019-04-01,3170.361,2892.619,3973.928,4405.3125,5757.8379
2019-04-02,3176.8227,2888.5304,3971.2852,4407.4883,5775.5497
2019-04-03,3216.2952,2920.0013,4022.1566,4455.1603,5836.0369
2019-04-04,3246.5714,2951.9848,4062.2309,4498.0406,5871.5575
2019-04-08,3244.8103,2962.2749,4057.2286,4489.9981,5847.6296
2019-04-09,3239.6639,2967.5136,4075.4301,4503.2914,5858.0464
2019-04-10,3241.9299,2979.0985,4085.847,4517.4805,5850.7609
2019-04-11,3189.9619,2928.4268,3997.5778,4418.1049,5727.1749
2019-04-12,3188.6256,2920.5151,3988.6168,4407.8804,5714.3676
2019-04-15,3177.7866,2924.9257,3975.5244,4390.1809,5655.9825
2019-04-16,3253.5978,3023.0253,4085.7891,4506.6382,5777.0111
2019-04-17,3263.1179,3017.4162,4087.2398,4519.0542,5807.7288
2019-04-18,3250.2012,3004.9245,4072.0753,4498.8894,5775.171
2019-04-19,3270.7973,3042.4321,4120.6078,4551.4948,5810.1798
2019-04-22,3215.0426,2970.488,4025.6109,4460.828,5723.0417
2019-04-23,3198.5938,2978.8451,4019.0053,4437.0121,5628.0624
2019-04-24,3201.6137,2974.8473,4030.0887,4460.9832,5679.7256
2019-04-25,3123.8261,2927.995,3941.816,4346.9145,5458.4194
2019-04-26,3086.3989,2892.8568,3889.2748,4289.4742,5408.0306
2019-04-29,3062.4985,2939.405,3900.3339,4285.8221,5265.6011
2019-04-30,3078.3389,2945.2438,3913.211,4299.7476,5307.56
2019-05-06,2906.464,2805.0354,3684.6168,4034.5948,4908.7984
2019-05-07,2926.3908,2806.2577,3720.6684,4071.0239,4973.4043
2019-05-08,2893.7567,2758.2435,3667.4574,4015.661,4947.7419
2019-05-09,2850.9537,2698.7804,3599.7001,3948.0249,4888.4128
2019-05-10,2939.2106,2793.7589,3730.4513,4096.132,5064.323
2019-05-13,2903.7131,2741.1118,3668.7255,4030.3019,5005.9044
2019-05-14,2883.6107,2724.7337,3645.1503,4002.5385,4965.6124
2019-05-15,2938.6781,2783.5439,3727.0923,4096.2781,5076.555
2019-05-16,2955.711,2791.4146,3743.9635,4114.5137,5108.3588
2019-05-17,2882.2962,2735.2124,3648.7609,4006.5148,4942.5792
2019-05-20,2870.6046,2715.4315,3617.7924,3975.2786,4923.5589
2019-05-21,2905.9688,2739.7852,3666.7762,4031.6853,5009.8725
2019-05-22,2891.7046,2725.7343,3649.3796,4012.7607,4976.3929
2019-05-23,2852.5153,2685.9336,3583.9646,3932.0543,4872.9202
2019-05-24,2852.9948,2702.0252,3593.9139,3932.9753,4841.7573
2019-05-27,2892.3782,2722.3345,3637.1971,3991.4166,4962.947
2019-05-28,2909.9106,2748.7987,3672.2605,4025.695,4955.4855
2019-05-29,2914.6964,2755.8081,3663.909,4021.6448,4956.8638
2019-05-30,2905.8054,2742.9635,3641.1833,3996.9258,4926.403
2019-05-31,2898.6961,2728.9459,3629.7893,3982.5349,4912.0005
2019-06-03,2890.0809,2743.0644,3632.0127,3978.1649,4853.8153
2019-06-04,2862.2803,2721.3139,3598.4666,3937.4348,4795.4129
2019-06-05,2861.4181,2719.5949,3597.105,3931.8735,4783.8245
2019-06-06,2827.7978,2706.7621,3564.6778,3886.062,4678.7844
2019-06-10,2852.1302,2743.3745,3610.7435,3940.4378,4725.2643
2019-06-11,2925.7162,2812.8986,3719.2759,4064.2769,4901.4723
2019-06-12,2909.3796,2796.7319,3691.0957,4034.2783,4863.4922
2019-06-13,2910.7406,2794.5361,3685.3933,4032.2392,4877.6505
2019-06-14,2881.9743,2785.6055,3654.8799,3991.9049,4795.5267
2019-06-17,2887.6221,2793.7037,3654.8248,3989.134,4802.8185
2019-06-18,2890.158,2806.454,3667.6185,4004.2298,4797.1468
2019-06-19,2917.8029,2842.7358,3715.9381,4058.6807,4858.9164
2019-06-20,2987.1186,2942.6287,3828.5183,4171.9632,4954.7338
2019-06-21,3001.9802,2938.7729,3833.9383,4189.0505,5021.3051
2019-06-24,3008.1479,2949.5176,3841.2659,4197.1372,5024.2046
2019-06-25,2982.0738,2910.1212,3801.3098,4151.0199,4974.9882
2019-06-26,2976.2837,2903.4868,3794.331,4149.935,4962.5936
2019-06-27,2996.7926,2937.1283,3834.8172,4194.9909,5007.4833
2019-06-28,2978.8784,2930.5982,3825.5873,4177.171,4950.4798
2019-07-01,3044.9028,3002.9395,3935.8116,4304.32,5100.2619
2019-07-02,3043.9428,2999.0759,3937.1691,4305.1651,5084.41
2019-07-03,3015.2633,2964.7309,3893.5341,4254.5954,5040.7227
2019-07-04,3005.2488,2953.2719,3873.1019,4232.709,5025.0207
2019-07-05,3011.0588,2961.9222,3893.2025,4256.967,5042.6599
2019-07-08,2933.3634,2897.5121,3802.7897,4147.9214,4870.7807
2019-07-09,2928.2295,2881.5517,3793.1297,4138.7245,4881.6235
2019-07-10,2915.3022,2878.7812,3786.739,4130.453,4843.8649
2019-07-11,2917.7609,2887.8313,3785.221,4131.4491,4844.5474
2019-07-12,2930.5462,2902.1295,3808.7311,4155.4954,4861.5679
2019-07-15,2942.1853,2902.6099,3824.1878,4178.4939,4925.3243
2019-07-16,2937.6168,2884.561,3806.8449,4159.6222,4932.0458
2019-07-17,2931.6926,2875.0299,3804.6384,4155.4704,4929.085
2019-07-18,2901.1766,2859.1646,3768.4019,4108.1751,4844.1087
2019-07-19,2924.2006,2895.6249,3807.9551,4143.8703,4878.6903
2019-07-22,2886.974,2881.9038,3781.6832,4109.8665,4776.5749
2019-07-23,2899.9446,2881.0982,3789.9135,4126.0656,4823.9182
2019-07-24,2923.2775,2906.5502,3819.8325,4163.2624,4873.0271
2019-07-25,2937.3601,2931.1758,3851.0665,4195.3841,4891.6432
2019-07-26,2944.541,2939.3547,3858.5688,4205.2601,4898.1099
2019-07-29,2941.007,2930.4891,3854.2704,4202.5154,4897.0183
2019-07-30,2952.3383,2944.025,3870.3176,4218.8101,4922.9175
2019-07-31,2932.5058,2912.6612,3835.3589,4184.7233,4903.203
2019-08-01,2908.766,2887.8665,3803.4694,4154.9333,4870.469
2019-08-02,2867.8376,2843.7704,3747.4379,4096.2011,4809.9198
2019-08-05,2821.4957,2786.7196,3675.6884,4022.51,4751.9846
2019-08-06,2777.5559,2760.6799,3636.3289,3968.7576,4650.5627
2019-08-07,2768.6795,2747.2491,3621.431,3951.8669,4626.3641
2019-08-08,2794.5523,2786.8715,3669.2936,4003.2403,4656.1009
2019-08-09,2774.7532,2772.1492,3633.5296,3964.719,4600.3526
2019-08-12,2814.9944,2824.8041,3699.1047,4036.1946,4685.045
2019-08-13,2797.2596,2792.9137,3665.7515,4002.5834,4658.3884
2019-08-14,2808.9146,2804.3553,3682.4015,4026.5026,4683.8403
2019-08-15,2815.7976,2814.3881,3694.0006,4043.2096,4706.5504
2019-08-16,2823.8238,2824.2258,3710.5386,4062.0174,4722.6625
2019-08-19,2883.096,2877.2312,3791.0946,4154.2203,4875.0363
2019-08-20,2880.0012,2875.653,3787.7324,4152.4262,4872.6061
2019-08-21,2880.3307,2869.2196,3781.7579,4149.3764,4882.7213
2019-08-22,2883.4358,2878.0047,3793.5061,4163.4887,4887.9142
2019-08-23,2897.4253,2917.3773,3820.8638,4190.7808,4887.9024
2019-08-26,2863.5673,2863.4793,3765.9105,4132.8925,4855.4584
2019-08-27,2902.1932,2887.2385,3816.9459,4189.8639,4936.1238
2019-08-28,2893.7564,2867.0269,3802.5844,4174.9831,4928.1935
2019-08-29,2890.9192,2855.4504,3790.1867,4168.3041,4934.1838
2019-08-30,2886.2365,2872.401,3799.5863,4174.192,4886.494
2019-09-02,2924.1063,2894.9575,3848.3198,4238.8093,5008.2958
2019-09-03,2930.1538,2892.1821,3853.6106,4248.029,5044.1805
2019-09-04,2957.4116,2919.6782,3886.0012,4280.1446,5093.2662
2019-09-05,2985.8648,2955.8399,3925.323,4318.5414,5138.4051
2019-09-06,2999.6013,2981.0728,3948.5075,4345.309,5154.6378
2019-09-09,3024.7388,2981.5862,3972.9484,4386.3873,5263.4594
2019-09-10,3021.2024,2969.8048,3959.265,4367.5406,5245.305
2019-09-11,3008.8118,2957.1439,3930.0999,4329.6939,5217.2913
2019-09-12,3031.2351,2999.5617,3972.3799,4372.002,5242.6115
2019-09-16,3030.7544,2982.4481,3957.7154,4364.1182,5250.3398
2019-09-17,2978.1178,2937.0077,3891.2208,4286.1529,5140.4502
2019-09-18,2985.6586,2954.3577,3910.0837,4302.3919,5141.0381
2019-09-19,2999.2789,2956.8294,3924.3823,4324.1727,5191.6687
2019-09-20,3006.4467,2963.4349,3935.6511,4338.7517,5204.4848
2019-09-23,2977.0767,2930.9132,3890.6616,4293.4166,5171.484
2019-09-24,2985.3406,2940.0806,3901.0758,4311.2312,5180.7418
2019-09-25,2955.4325,2928.8351,3870.9837,4270.1234,5087.0091
2019-09-26,2929.0875,2927.8766,3841.1388,4221.4823,4970.2403
2019-09-27,2932.167,2929.4659,3852.6534,4238.2566,5005.6299
2019-09-30,2905.1892,2897.7027,3814.5282,4194.3025,4940.903
2019-10-08,2913.5704,2922.348,3837.6791,4211.324,4941.7607
2019-10-09,2924.8566,2922.9797,3843.2392,4215.4004,4982.9535
2019-10-10,2947.7106,2940.8002,3874.6391,4258.3513,5046.3594
2019-10-11,2973.6558,2983.1198,3911.7253,4290.5354,5055.5165
2019-10-14,3007.8834,3013.5334,3953.2411,4338.2836,5131.1312
2019-10-15,2991.0459,3015.4202,3936.2498,4310.4826,5061.0029
2019-10-16,2978.7124,3004.7233,3922.6854,4294.3065,5038.356
2019-10-17,2977.3342,3011.7535,3925.2216,4300.5146,5029.854
2019-10-18,2938.1413,2963.1753,3869.3777,4242.411,4961.8072
2019-10-21,2939.6179,2968.9051,3880.8398,4245.418,4951.0354
2019-10-22,2954.3799,2973.2173,3895.8809,4267.6425,5005.5525
2019-10-23,2941.6188,2954.3052,3871.0848,4238.5321,4967.1949
2019-10-24,2940.9215,2959.0317,3870.6678,4232.7862,4958.2465
2019-10-25,2954.9327,2967.0517,3896.7923,4259.789,4994.5684
2019-10-28,2980.0498,2981.3615,3926.585,4308.2378,5084.4677
2019-10-29,2954.176,2968.2831,3910.226,4286.0492,5007.7126
2019-10-30,2939.3209,2952.1181,3891.2255,4261.9027,4947.8954
2019-10-31,2929.0561,2954.734,3886.7519,4254.4376,4917.4174
2019-11-01,2958.1992,3002.6488,3952.3872,4323.5284,4962.3495
2019-11-04,2975.4919,3022.2749,3978.1216,4355.9754,4987.8364
2019-11-05,2991.5622,3039.9772,4002.8128,4380.4232,5025.3029
2019-11-06,2978.5955,3032.7916,3984.8816,4360.0442,4974.7343
2019-11-07,2978.7144,3033.2991,3991.8749,4370.7041,5007.0666
2019-11-08,2964.1849,3012.4594,3973.0107,4355.0011,4988.2938
2019-11-11,2909.9746,2965.7075,3902.9783,4273.3804,4876.1594
2019-11-12,2914.8232,2971.3606,3903.6888,4271.4856,4881.6144
2019-11-13,2905.2409,2967.6702,3899.9815,4275.1301,4875.543
2019-11-14,2909.8697,2968.5686,3905.857,4286.8307,4912.1075
2019-11-15,2891.3431,2954.7013,3877.0892,4255.5761,4868.4367
2019-11-18,2909.2002,2980.9457,3907.9291,4288.4262,4892.4609
2019-11-19,2933.9908,3000.7451,3947.0392,4341.5168,4975.1128
2019-11-20,2911.0534,2968.1238,3907.8641,4303.9178,4946.2757
2019-11-21,2903.6379,2949.3369,3889.598,4283.9107,4945.7188
2019-11-22,2885.2884,2922.2669,3849.9948,4235.193,4904.0828
2019-11-25,2906.1688,2951.2474,3878.2061,4258.6271,4901.5021
2019-11-26,2907.0602,2946.5669,3891.6533,4269.1385,4882.1624
2019-11-27,2903.1947,2944.3218,3875.6186,4259.8012,4904.2568
2019-11-28,2889.6934,2930.4816,3862.3029,4245.4189,4889.2595
2019-11-29,2871.9813,2894.7154,3828.6706,4210.6048,4894.9416
2019-12-02,2875.8072,2899.439,3836.0589,4213.7421,4905.4209
2019-12-03,2884.6988,2909.6232,3851.0873,4230.775,4926.4548
2019-12-04,2878.1157,2901.0663,3849.819,4233.0352,4920.6682
2019-12-05,2899.4685,2921.9474,3879.3638,4270.3197,4967.6021
2019-12-06,2912.0136,2939.8184,3902.3853,4297.8051,5010.5104
2019-12-09,2914.4775,2933.0421,3895.4468,4290.4755,5024.604
2019-12-10,2917.3157,2936.9931,3900.3843,4304.707,5049.0514
2019-12-11,2924.4173,2949.6467,3902.7492,4300.3671,5027.2784
2019-12-12,2915.6983,2938.0443,3891.0242,4289.5685,5012.0011
2019-12-13,2967.6764,3006.3127,3968.2211,4366.5687,5073.6858
2019-12-16,2984.3925,2999.2015,3987.5464,4399.7277,5166.0391
2019-12-17,3022.4219,3033.1423,4041.7996,4453.1727,5236.0624
2019-12-18,3017.0444,3025.7847,4032.7826,4442.0953,5235.1248
2019-12-19,3017.0658,3017.7128,4027.1495,4439.9096,5241.7376
2019-12-20,3004.9376,3012.6257,4017.2527,4414.5289,5184.6752
2019-12-23,2962.7513,2984.2426,3967.0962,4359.056,5084.3505
2019-12-24,2982.6806,2996.765,3992.9581,4400.6247,5162.0702
2019-12-25,2981.8805,2986.0036,3990.8671,4406.8243,5183.0986
2019-12-26,3007.3546,3011.6361,4025.9879,4438.2331,5219.1404
2019-12-27,3005.0355,3017.7787,4022.0278,4428.9583,5179.1929
2019-12-30,3040.0239,3062.75,4081.6334,4485.4108,5241.9383
2019-12-31,3050.124,3063.219,4096.5821,4501.8913,5267.6622
2020-01-02,3085.1976,3090.8331,4152.2408,4571.4796,5366.1375
2020-01-03,3083.7858,3078.2793,4144.9649,4568.6153,5380.6372
2020-01-06,3083.4083,3056.8359,4129.2954,4564.1613,5434.8503
2020-01-07,3104.8015,3074.0152,4160.2274,4604.0366,5499.8395
2020-01-08,3066.8925,3037.8525,4112.3172,4554.8895,5423.7966
2020-01-09,3094.8819,3067.5456,4164.3697,4616.9288,5497.5429
2020-01-10,3092.2907,3067.881,4163.1849,4614.1609,5480.2279
2020-01-13,3115.5696,3090.1284,4203.9883,4664.7732,5559.6272
2020-01-14,3106.8204,3080.6016,4189.8862,4650.236,5542.3316
2020-01-15,3090.0379,3058.0078,4166.7344,4631.1226,5530.0266
2020-01-16,3074.0814,3043.0931,4149.0434,4617.9091,5527.6676
2020-01-17,3075.4955,3053.1729,4154.853,4621.5308,5510.0453
2020-01-20,3095.7873,3065.9906,4185.8304,4668.4314,5587.5359
2020-01-21,3052.1419,3012.1123,4114.3085,4594.1687,5523.9419
2020-01-22,3060.7545,3017.8785,4131.9311,4623.6921,5575.5126
2020-01-23,2976.5281,2932.4932,4003.9013,4478.9556,5377.7411
2020-02-03,2746.6056,2727.0931,3688.3578,4132.4446,4910.9011
2020-02-04,2783.2875,2794.6606,3785.6376,4251.5118,4996.4743
2020-02-05,2818.0878,2812.8993,3828.5272,4316.9219,5123.9619
2020-02-06,2866.5097,2854.8878,3899.7751,4414.6499,5282.8922
2020-02-07,2875.9636,2851.7105,3899.8693,4423.3614,5327.0369
2020-02-10,2890.4878,2850.0642,3916.0052,4445.8474,5388.4349
2020-02-11,2901.6744,2879.8575,3952.4643,4470.3581,5361.2768
2020-02-12,2926.8991,2895.5859,3984.4325,4523.9735,5459.9461
2020-02-13,2906.0735,2875.4794,3959.9188,4492.563,5412.8418
2020-02-14,2917.0077,2895.0644,3987.7342,4508.8947,5420.8025
2020-02-17,2983.6224,2950.0699,4077.4241,4617.6989,5594.4366
2020-02-18,2984.9716,2924.3981,4057.5108,4619.0063,5660.8142
2020-02-19,2975.4019,2923.7633,4051.3107,4599.9945,5603.2626
2020-02-20,3030.1542,2978.1829,4144.6561,4697.7333,5706.7127
2020-02-21,3039.6692,2968.1381,4149.4903,4721.9512,5784.0321
2020-02-24,3031.2333,2930.0332,4132.8388,4723.1843,5865.4665
2020-02-25,3013.0501,2909.324,4123.8543,4722.0409,5897.7219
2020-02-26,2987.9287,2901.6734,4073.0152,4636.1682,5743.3929
2020-02-27,2991.3288,2912.0364,4084.8759,4651.5153,5753.7277
2020-02-28,2880.3038,2821.0419,3940.0488,4464.3055,5451.2897
2020-03-02,2970.9312,2907.8863,4069.6662,4610.6689,5656.4193
2020-03-03,2992.8968,2921.4435,4091.3615,4644.1889,5710.0235
2020-03-04,3011.6657,2947.5666,4115.0524,4655.9484,5716.5112
2020-03-05,3071.6771,3018.0701,4206.7251,4747.1137,5801.1199
2020-03-06,3034.5113,2964.8348,4138.5072,4685.2765,5763.8602
2020-03-09,2943.2907,2868.8297,3997.1325,4505.8718,5525.8167
2020-03-10,2996.7618,2924.2165,4082.7315,4615.4919,5675.1113
2020-03-11,2968.5174,2888.3612,4028.4289,4552.7554,5589.5311
2020-03-12,2923.4856,2841.9824,3950.9111,4464.0163,5493.8838
2020-03-13,2887.4265,2798.7695,3895.3128,4408.2702,5457.2006
2020-03-16,2789.2537,2694.0229,3727.8398,4212.2084,5200.1142
2020-03-17,2779.6407,2685.5907,3709.6822,4201.3963,5212.0619
2020-03-18,2728.7563,2625.747,3636.2565,4124.1307,5119.4716
2020-03-19,2702.1296,2569.7891,3589.0926,4084.8474,5157.8235
2020-03-20,2745.6182,2628.4161,3653.2239,4153.4931,5219.2809
2020-03-23,2660.1674,2559.6192,3530.3058,4002.3171,4998.9095
2020-03-24,2722.4381,2639.3834,3625.1146,4104.118,5096.0408
2020-03-25,2781.5913,2700.1865,3722.5181,4214.9529,5217.4237
2020-03-26,2764.9109,2689.2803,3698.0472,4183.4218,5166.1091
2020-03-27,2772.2033,2701.4447,3710.0605,4186.0715,5137.3371
2020-03-30,2747.2138,2690.042,3674.1108,4129.1092,5027.4856
2020-03-31,2750.2962,2689.379,3686.1551,4142.1316,5041.4534
2020-04-01,2734.5215,2682.0795,3675.0758,4131.4771,5019.2187
2020-04-02,2780.6379,2719.8864,3734.5306,4213.2841,5147.2019
2020-04-03,2763.9874,2708.8246,3713.2183,4185.8363,5107.0393
2020-04-07,2820.7634,2757.4064,3798.0214,4292.2996,5267.073
2020-04-08,2815.3686,2743.8865,3780.3445,4279.0156,5271.7961
2020-04-09,2825.9036,2752.588,3792.8105,4299.6235,5322.4614
2020-04-10,2796.6312,2749.8466,3769.1782,4255.3159,5208.5102
2020-04-13,2783.0476,2739.1666,3753.2566,4230.625,5169.1757
2020-04-14,2827.283,2785.72,3825.6991,4318.6954,5288.593
2020-04-15,2811.1741,2764.4883,3797.3623,4290.3501,5268.7497
2020-04-16,2819.935,2768.2616,3802.3806,4307.3698,5316.9707
2020-04-17,2838.4945,2809.0757,3839.4871,4348.1013,5318.4547
2020-04-20,2852.5528,2819.7938,3853.4551,4374.6726,5381.7857
2020-04-21,2827.0133,2784.5328,3808.0474,4326.2417,5343.8806
2020-04-22,2843.9804,2804.2373,3839.3834,4361.6898,5387.6233
2020-04-23,2838.4994,2797.6612,3829.7525,4346.1397,5357.7904
2020-04-24,2808.5293,2776.0245,3796.9721,4301.2862,5273.5474
2020-04-27,2815.4947,2805.2202,3822.769,4322.0776,5265.7248
2020-04-28,2810.0243,2825.1393,3849.1465,4340.1281,5227.846
2020-04-29,2822.4424,2844.8143,3867.032,4354.0355,5226.8116
2020-04-30,2860.0822,2861.9077,3912.5772,4420.9937,5353.8595
2020-05-06,2878.1402,2863.8452,3936.2539,4467.8395,5451.3159
2020-05-07,2871.5232,2854.423,3924.8946,4455.3873,5445.7519
2020-05-08,2895.3444,2873.0125,3963.6217,4499.5497,5507.6965
2020-05-11,2894.802,2871.8476,3960.1803,4496.0819,5496.192
2020-05-12,2891.5564,2869.5973,3960.2378,4505.1964,5512.464
2020-05-13,2898.0495,2867.7123,3968.2529,4517.1137,5536.2802
2020-05-14,2870.3422,2834.5328,3925.2177,4471.8871,5487.107
2020-05-15,2868.4587,2819.6911,3912.8159,4464.9832,5507.9336
2020-05-18,2875.4176,2837.1721,3922.9117,4464.6841,5478.8218
2020-05-19,2898.576,2860.6682,3956.2495,4514.5857,5547.8759
2020-05-20,2883.7378,2856.1398,3935.222,4487.4138,5489.7024
2020-05-21,2867.9237,2846.8239,3913.7949,4455.3363,5426.1745
2020-05-22,2813.7654,2775.8096,3824.064,4352.625,5328.2268
2020-05-25,2817.9697,2789.7095,3829.3245,4353.5833,5316.6036
2020-05-26,2846.5473,2808.8419,3872.7701,4417.7927,5420.2126
2020-05-27,2836.8036,2795.4807,3845.6135,4380.4145,5369.4992
2020-05-28,2846.2217,2809.6648,3856.6324,4383.2925,5361.167
2020-05-29,2852.3512,2806.6643,3867.0232,4403.3826,5406.3403
2020-06-01,2915.4311,2870.3558,3971.3402,4527.8037,5569.48
2020-06-02,2921.398,2885.9208,3983.5677,4536.7422,5566.4438
2020-06-03,2923.3711,2889.1086,3983.6477,4538.8969,5572.3125
2020-06-04,2919.2506,2883.3633,3982.1851,4540.2475,5576.7535
2020-06-05,2930.7993,2896.3495,4001.2509,4563.9104,5585.4231
2020-06-08,2937.7712,2909.5867,4021.9549,4578.9951,5575.3036
2020-06-09,2956.1116,2928.3043,4047.0293,4609.2596,5610.3774
2020-06-10,2943.7525,2908.4753,4039.7051,4608.7958,5615.2417
2020-06-11,2920.8968,2876.513,3995.8846,4570.3738,5589.1019
2020-06-12,2919.7408,2884.1157,4003.0829,4578.7215,5591.4871
2020-06-15,2890.0306,2838.6074,3954.9883,4528.086,5590.6435
2020-06-16,2931.7493,2878.9924,4014.5702,4607.5505,5695.3007
2020-06-17,2935.873,2881.1321,4017.5941,4615.9531,5735.4183
2020-06-18,2939.3151,2888.9575,4044.3842,4637.7727,5734.403
2020-06-19,2967.6341,2925.9356,4098.7095,4695.5237,5787.1482
2020-06-22,2965.2717,2921.8915,4102.0459,4695.8788,5784.0269
2020-06-23,2970.6203,2925.416,4121.7944,4722.5393,5804.343
2020-06-24,2979.5505,2943.4733,4138.9895,4738.6683,5789.0893
2020-06-29,2961.5164,2925.4834,4109.7164,4708.4215,5762.4378
2020-06-30,2984.6741,2942.0741,4163.9637,4770.2079,5864.4164
2020-07-01,3025.981,3009.8611,4247.7835,4835.9244,5881.8875
2020-07-02,3090.5693,3084.2381,4335.8445,4911.8394,5975.2794
2020-07-03,3152.8126,3159.1583,4419.5955,4987.8372,6051.5099
2020-07-06,3332.8807,3374.1362,4670.0949,5232.2829,6299.8551
2020-07-07,3345.3369,3381.7608,4698.1264,5298.1353,6380.0276
2020-07-08,3403.4401,3429.9449,4774.0042,5383.1675,6535.4151
2020-07-09,3450.5935,3442.0205,4840.7712,5479.5584,6693.7452
2020-07-10,3383.3222,3351.78,4753.1333,5406.7218,6676.4373
2020-07-13,3443.2863,3390.115,4852.9612,5548.964,6899.5175
2020-07-14,3414.6186,3348.0312,4806.6902,5488.3122,6807.727
2020-07-15,3361.3044,3313.7646,4744.4687,5406.6209,6638.8384
2020-07-16,3210.0986,3162.0251,4516.2532,5137.6064,6319.9981
2020-07-17,3214.1287,3185.8909,4544.7007,5180.1641,6344.5912
2020-07-20,3314.149,3287.915,4680.3046,5333.0511,6526.8325
2020-07-21,3320.8947,3286.8146,4691.0425,5356.6763,6563.3239
2020-07-22,3333.1635,3291.3605,4714.4454,5389.1776,6620.6893
2020-07-23,3325.1102,3284.1103,4712.4357,5394.0604,6620.0859
2020-07-24,3196.7684,3158.2854,4505.5906,5143.914,6283.9831
2020-07-27,3205.2268,3163.2306,4528.45,5170.2095,6298.7351
2020-07-28,3227.9604,3185.8904,4568.2576,5214.284,6359.6637
2020-07-29,3294.5521,3243.3849,4679.008,5347.0677,6530.2712
2020-07-30,3286.822,3231.5193,4656.1506,5321.45,6511.436
2020-07-31,3310.0065,3249.3375,4695.0462,5372.5434,6579.6696
2020-08-03,3367.9658,3281.1012,4771.3108,5473.6558,6739.8085
2020-08-04,3371.6875,3312.1336,4775.8024,5460.4328,6697.7071
2020-08-05,3377.5648,3292.3094,4777.1089,5478.6025,6772.8422
2020-08-06,3386.4631,3292.2003,4762.7642,5456.1648,6770.3016
2020-08-07,3354.0352,3263.7455,4707.9262,5398.3001,6688.8822
2020-08-10,3379.2524,3285.7602,4724.8697,5408.4408,6725.2956
2020-08-11,3340.29,3262.8244,4681.7837,5347.4648,6600.8472
2020-08-12,3319.2656,3249.7381,4647.6446,5299.2549,6528.3999
2020-08-13,3320.7261,3241.8446,4635.7126,5286.89,6552.6567
2020-08-14,3360.0988,3288.5141,4704.6288,5357.8146,6623.5633
2020-08-17,3438.801,3368.8488,4815.2261,5465.0469,6744.5468
2020-08-18,3451.0894,3367.3313,4812.7564,5470.7073,6789.3979
2020-08-19,3408.1288,3307.6593,4740.6784,5373.7386,6666.274
2020-08-20,3363.8988,3264.5329,4679.1544,5312.2171,6593.785
2020-08-21,3380.6825,3284.7267,4718.8431,5355.4319,6643.9444
2020-08-24,3385.6383,3298.7205,4755.8491,5408.4019,6688.9647
2020-08-25,3373.5781,3310.8389,4761.9507,5408.2755,6652.5478
2020-08-26,3329.7388,3277.8901,4706.1302,5337.0668,6525.8786
2020-08-27,3350.1128,3290.7855,4731.3451,5375.6891,6578.7912
2020-08-28,3403.8066,3368.4384,4844.2652,5488.5286,6691.2096
2020-08-31,3395.6775,3343.8881,4816.2153,5461.8679,6668.4331
2020-09-01,3410.6068,3355.096,4842.1223,5497.3182,6710.4599
2020-09-02,3404.8017,3347.3042,4843.887,5505.7395,6717.5579
2020-09-03,3384.9806,3334.4119,4817.0952,5469.7866,6662.2515
2020-09-04,3355.3666,3309.2096,4770.219,5421.3396,6618.5762
2020-09-07,3292.5907,3253.4259,4669.3677,5307.0055,6478.8124
2020-09-08,3316.417,3289.9142,4694.3894,5336.6,6525.098
2020-09-09,3254.6279,3235.7032,4584.5887,5199.371,6349.2234
2020-09-10,3234.8234,3245.5017,4581.9775,5173.5583,6235.5687
2020-09-11,3260.3461,3265.4966,4627.2826,5237.3498,6311.967
2020-09-14,3278.8138,3294.1507,4651.0507,5277.3483,6351.2422
2020-09-15,3295.6795,3317.6402,4688.4826,5322.9956,6387.8805
2020-09-16,3283.9244,3295.5836,4657.3584,5282.2637,6353.836
2020-09-17,3270.435,3264.6864,4632.7142,5267.8143,6367.0206
2020-09-18,3338.0897,3347.7784,4737.0887,5367.5032,6469.4692
2020-09-21,3316.9351,3311.5936,4691.4281,5321.3087,6445.9649
2020-09-22,3274.3015,3270.519,4635.7608,5253.9019,6358.652
2020-09-23,3279.7105,3275.7387,4652.3273,5281.5103,6392.0329
2020-09-24,3223.1764,3218.716,4563.0657,5168.3036,6244.6389
2020-09-25,3219.4179,3229.7769,4570.0216,5168.0613,6236.8904
2020-09-28,3217.5346,3250.5018,4581.9085,5167.0918,6178.4693
2020-09-29,3224.3593,3241.323,4591.7993,5194.4157,6228.7708
2020-09-30,3218.0521,3232.4183,4587.3953,5195.3319,6192.5045
2020-10-09,3272.0762,3286.8572,4681.1412,5324.9307,6357.9711
2020-10-12,3358.4652,3387.8848,4823.1578,5486.0553,6541.176
2020-10-13,3359.7499,3386.893,4839.201,5504.1753,6551.3987
2020-10-14,3340.7782,3369.4978,4807.1021,5471.9375,6508.3743
2020-10-15,3332.1832,3371.4014,4798.7361,5453.1825,6460.0408
2020-10-16,3336.3582,3380.1689,4791.676,5435.4584,6428.6822
2020-10-19,3312.6671,3354.3075,4755.4879,5394.386,6358.3213
2020-10-20,3328.1029,3363.503,4793.4672,5449.0348,6423.1128
2020-10-21,3325.0247,3377.4246,4792.8284,5424.7328,6350.0127
2020-10-22,3312.5005,3369.53,4777.9845,5401.8109,6317.1438
2020-10-23,3277.9972,3346.608,4718.4881,5326.0888,6213.2626
2020-10-26,3251.1188,3304.7036,4691.2359,5321.1287,6214.3779
2020-10-27,3254.3157,3294.0881,4699.2792,5330.2403,6221.3414
2020-10-28,3269.238,3313.2314,4737.2718,5374.0953,6245.9986
2020-10-29,3272.7274,3324.4397,4772.9198,5409.4168,6255.1933
2020-10-30,3224.5325,3280.3835,4695.3338,5326.3314,6111.4803
2020-11-02,3225.1196,3265.8963,4720.8313,5367.019,6143.1157
2020-11-03,3271.0744,3307.4846,4777.5608,5433.0645,6241.7676
2020-11-04,3277.4402,3332.1901,4813.6564,5471.581,6234.158
2020-11-05,3320.1333,3369.5029,4885.1118,5557.561,6351.9789
2020-11-06,3312.159,3359.1193,4885.7178,5546.8902,6301.2477
2020-11-09,3373.7337,3418.2753,4981.3497,5659.1745,6421.6506
2020-11-10,3360.1485,3416.1408,4953.8756,5620.6912,6373.0853
2020-11-11,3342.2025,3411.2295,4904.8981,5548.9538,6294.6055
2020-11-12,3338.6788,3397.3544,4908.463,5562.4849,6315.4938
2020-11-13,3310.1046,3338.3101,4856.8513,5522.0998,6306.97
2020-11-16,3346.9692,3377.11,4904.1716,5572.1128,6387.371
2020-11-17,3339.895,3379.2742,4894.786,5541.1676,6336.9406
2020-11-18,3347.3034,3387.0447,4891.6716,5532.7204,6341.0136
2020-11-19,3363.0876,3410.0937,4927.9891,5566.2061,6360.5998
2020-11-20,3377.7267,3411.9323,4943.2882,5598.9247,6422.9854
2020-11-23,3414.4899,3469.8046,5005.0273,5661.6714,6472.9301
2020-11-24,3402.8225,3442.7229,4974.2855,5636.4382,6475.1881
2020-11-25,3362.3274,3420.2916,4910.7,5554.2433,6350.3667
2020-11-26,3369.7334,3445.7388,4919.5912,5554.5348,6334.3042
2020-11-27,3408.3071,3498.6589,4980.765,5603.6167,6351.6119
2020-11-30,3391.7551,3469.4178,4960.2519,5582.7306,6320.9441
2020-12-01,3451.9384,3554.0139,5067.0983,5696.5313,6426.6155
2020-12-02,3449.3805,3545.3401,5067.1447,5694.8042,6434.9791
2020-12-03,3442.1359,3536.8144,5057.0603,5683.7144,6440.8808
2020-12-04,3444.5814,3541.5209,5065.9163,5709.025,6464.7345
2020-12-07,3416.6037,3509.9419,5022.2351,5673.1825,6424.6823
2020-12-08,3410.1771,3499.0572,5009.8786,5665.3903,6423.6513
2020-12-09,3371.964,3468.5269,4942.6986,5586.105,6307.2207
2020-12-10,3373.2758,3459.0346,4940.5249,5588.7091,6320.0956
2020-12-11,3347.191,3427.8565,4889.6292,5524.9769,6209.427
2020-12-14,3369.1201,3467.7669,4934.8352,5578.2622,6259.0175
2020-12-15,3367.2326,3468.8286,4945.1,5602.6056,6265.5819
2020-12-16,3366.9832,3485.4049,4953.867,5610.8416,6235.4352
2020-12-17,3404.8732,3539.5401,5017.4784,5676.6751,6308.9013
2020-12-18,3394.896,3507.9743,4999.9678,5662.2347,6291.918
2020-12-21,3420.5693,3522.262,5046.8396,5741.2378,6398.5987
2020-12-22,3356.7822,3470.9024,4964.7727,5643.7135,6250.0606
2020-12-23,3382.3195,3494.5868,5007.1235,5696.6036,6307.604
2020-12-24,3363.1133,3489.2742,5000.0154,5675.9694,6205.2247
2020-12-25,3396.5626,3512.4862,5042.0137,5728.0445,6278.4981
2020-12-28,3397.2854,3523.8369,5064.4147,5739.3709,6244.4818
2020-12-29,3379.0362,3517.35,5042.9361,5710.8,6199.8523
2020-12-30,3414.4527,3574.1307,5113.7105,5804.1214,6269.2484
2020-12-31,3473.0693,3640.6389,5211.2885,5910.3192,6367.1149
2021-01-04,3502.9584,3643.3592,5267.7181,6008.2547,6482.7868
2021-01-05,3528.6767,3683.3634,5368.5049,6104.1843,6539.7315
2021-01-06,3550.8767,3736.648,5417.6677,6152.5994,6528.1425
2021-01-07,3576.2046,3808.0695,5513.6568,6250.8995,6538.1162
2021-01-08,3570.1082,3788.3191,5495.4306,6244.3595,6557.5964
2021-01-11,3531.4978,3776.5293,5441.1583,6183.5529,6455.3987
2021-01-12,3608.3389,3906.1225,5596.3525,6342.7829,6543.2286
2021-01-13,3598.6518,3873.2285,5577.9711,6316.8563,6496.9131
2021-01-14,3565.9046,3811.2242,5470.4563,6200.9738,6439.8854
2021-01-15,3566.3778,3817.9345,5458.0812,6193.4711,6417.5011
2021-01-18,3596.2237,3849.3982,5518.5205,6271.0276,6514.4644
2021-01-19,3566.3814,3808.694,5437.5234,6172.6881,6476.3736
2021-01-20,3583.092,3814.6537,5476.4336,6236.96,6535.4185
2021-01-21,3621.2641,3850.0559,5564.9693,6338.6496,6622.4959
2021-01-22,3606.7496,3846.3945,5569.776,6367.402,6637.8052
2021-01-25,3624.2381,3898.1473,5625.9232,6417.9095,6645.3137
2021-01-26,3569.429,3813.2902,5512.9678,6279.2982,6532.961
2021-01-27,3573.3412,3818.2682,5528.0034,6300.4977,6557.1608
2021-01-28,3505.1759,3735.0337,5377.1427,6118.353,6414.3811
2021-01-29,3483.0692,3713.2471,5351.9646,6078.8741,6346.1371
2021-02-01,3505.2836,3746.3717,5417.6484,6155.6451,6393.278
2021-02-02,3533.6849,3771.47,5501.0915,6250.8526,6454.7853
2021-02-03,3517.308,3775.7224,5485.2008,6228.093,6399.3315
2021-02-04,3501.8592,3801.6178,5473.9475,6213.223,6328.7881
2021-02-05,3496.3329,3840.7663,5483.414,6192.7573,6239.8709
2021-02-08,3532.4467,3890.4654,5564.5618,6305.5309,6323.1622
2021-02-09,3603.489,3952.8276,5686.2502,6444.8341,6457.8814
2021-02-10,3655.088,4028.5289,5807.7191,6577.1296,6525.1658
2021-02-18,3675.3571,4014.3241,5768.3814,6545.1744,6614.5443
2021-02-19,3696.168,4014.4564,5778.842,6558.1096,6703.4821
2021-02-22,3642.4449,3881.8681,5597.3327,6373.4111,6657.056
2021-02-23,3636.3573,3897.7164,5579.6681,6350.4441,6631.2286
2021-02-24,3564.0799,3805.4719,5437.5683,6188.314,6536.1861
2021-02-25,3585.0458,3851.029,5469.5584,6208.0067,6499.1528
2021-02-26,3509.0804,3756.8597,5336.7609,6059.9039,6364.3529
2021-03-01,3551.3998,3787.8695,5418.7837,6175.395,6488.4388
2021-03-02,3508.5912,3718.7739,5349.6301,6100.1914,6433.3282
2021-03-03,3576.9045,3817.4128,5452.2125,6208.9858,6524.7513
2021-03-04,3503.4916,3708.6606,5280.7058,6015.6539,6401.9917
2021-03-05,3501.9867,3688.6818,5262.7958,5988.5632,6403.4964
2021-03-08,3421.4141,3573.431,5080.0246,5780.1096,6256.4092
2021-03-09,3359.292,3509.6137,4970.9994,5655.1725,6108.0027
2021-03-10,3357.7372,3532.0523,5003.6121,5688.2766,6062.2552
2021-03-11,3436.8313,3625.3052,5128.2156,5833.8962,6213.8319
2021-03-12,3453.0777,3632.5784,5146.3786,5852.4026,6222.3802
2021-03-15,3419.9456,3566.8773,5035.5441,5728.3263,6173.8721
2021-03-16,3446.7334,3599.1646,5079.3624,5775.3812,6195.2438
2021-03-17,3445.5509,3590.8339,5100.8581,5803.2516,6225.3588
2021-03-18,3463.0681,3605.6047,5141.7681,5852.6334,6273.8556
2021-03-19,3404.6634,3512.0203,5007.0907,5699.5168,6206.6023
2021-03-22,3443.4392,3538.4271,5057.152,5754.9497,6305.6919
2021-03-23,3411.5088,3516.3626,5009.2459,5686.2013,6219.1666
2021-03-24,3367.0606,3466.0422,4928.6853,5586.2914,6142.5439
2021-03-25,3363.5915,3463.8727,4926.3469,5592.3042,6157.4072
2021-03-26,3418.3267,3529.7282,5037.9899,5725.547,6251.7941
2021-03-29,3435.2958,3537.711,5046.8773,5734.1927,6254.9426
2021-03-30,3456.6766,3577.2434,5094.7291,5791.6584,6280.359
2021-03-31,3441.9115,3539.3696,5048.3607,5747.4092,6254.0695
2021-04-01,3466.3315,3582.6499,5110.7768,5823.4544,6311.6644
2021-04-02,3484.3924,3616.7636,5161.5569,5874.1041,6326.6059
2021-04-06,3482.9674,3594.7093,5140.3418,5852.7769,6343.0962
2021-04-07,3479.6256,3558.4688,5103.7428,5819.2257,6348.0761
2021-04-08,3482.5548,3573.037,5112.2086,5828.2356,6356.7526
2021-04-09,3450.6772,3514.1106,5035.3374,5747.9357,6335.2393
2021-04-12,3412.9477,3477.0654,4947.7459,5644.6191,6226.4182
2021-04-13,3396.47,3461.4592,4939.6438,5637.5894,6209.7801
2021-04-14,3416.7212,3469.1727,4980.6279,5701.8055,6277.2111
2021-04-15,3398.9875,3431.4931,4948.9741,5666.8753,6276.4609
2021-04-16,3426.6178,3448.1042,4966.1811,5689.2341,6339.5906
2021-04-19,3477.5485,3513.3953,5087.0165,5832.8219,6425.2606
2021-04-20,3472.9427,3510.1239,5083.3654,5825.4253,6428.5411
2021-04-21,3472.9298,3516.0976,5098.7449,5832.456,6420.2587
2021-04-22,3465.1138,3487.4271,5089.2435,5830.7482,6445.4657
2021-04-23,3474.166,3524.0216,5135.4534,5889.8335,6462.7558
2021-04-26,3441.1658,3467.6605,5077.2372,5830.5633,6442.6451
2021-04-27,3442.6111,3476.3018,5090.5195,5842.1448,6446.2822
2021-04-28,3457.0683,3473.0389,5119.2421,5879.914,6489.7441
2021-04-29,3474.9011,3517.2104,5164.1692,5922.5413,6491.9281
2021-04-30,3446.8564,3491.1877,5123.489,5897.5945,6485.7075
2021-05-06,3441.2826,3449.9385,5061.1244,5833.785,6489.3485
2021-05-07,3418.8741,3406.3103,4996.0527,5755.947,6444.4429
2021-05-10,3427.9909,3399.9849,4992.422,5764.5867,6475.9938
2021-05-11,3441.8454,3437.7135,5023.0595,5779.3689,6456.0376
2021-05-12,3462.7513,3447.8617,5044.5481,5807.6161,6512.0501
2021-05-13,3429.5361,3413.8886,4992.9738,5736.5894,6439.0273
2021-05-14,3490.3762,3503.037,5110.5901,5853.3067,6525.8036
2021-05-17,3517.6158,3539.9125,5184.9853,5947.2136,6578.1402
2021-05-18,3529.0144,3537.6963,5187.6013,5950.5357,6599.5985
2021-05-19,3510.9647,3511.4674,5172.272,5941.5373,6584.3869
2021-05-20,3506.9444,3522.4512,5186.412,5941.7193,6548.7111
2021-05-21,3486.5569,3481.8619,5134.1483,5895.2718,6527.864
2021-05-24,3497.2821,3497.7469,5155.5875,5919.9543,6544.1218
2021-05-25,3581.3418,3641.2918,5318.478,6087.6475,6619.6707
2021-05-26,3593.357,3657.1898,5320.5927,6088.8222,6628.2065
2021-05-27,3608.8507,3664.9417,5338.2329,6120.4634,6685.4054
2021-05-28,3600.7844,3659.2957,5321.0886,6109.5324,6668.1696
2021-05-31,3615.4773,3650.2245,5331.5696,6139.4704,6728.9906
2021-06-01,3624.7138,3650.9034,5341.6798,6154.6644,6739.7624
2021-06-02,3597.1379,3622.3976,5289.9736,6094.1588,6681.4285
2021-06-03,3584.2121,3591.1561,5255.2855,6053.7327,6667.7264
2021-06-04,3591.8447,3612.7014,5282.2772,6089.2626,6693.0574
2021-06-07,3599.541,3601.1091,5277.6271,6081.2729,6721.5019
2021-06-08,3580.1063,3580.2836,5232.1165,6041.0895,6684.5626
2021-06-09,3591.3965,3587.5321,5236.4493,6056.5552,6692.9049
2021-06-10,3610.859,3607.6792,5271.4661,6119.8771,6765.6436
2021-06-11,3589.7481,3576.7773,5224.703,6083.1004,6725.9152
2021-06-15,3556.559,3528.6683,5166.5597,6013.5498,6663.6623
2021-06-16,3518.3292,3486.2876,5080.4909,5889.211,6566.286
2021-06-17,3525.6042,3481.6004,5101.8924,5929.2826,6616.174
2021-06-18,3525.0968,3454.5885,5102.4657,5945.6496,6657.7635
2021-06-21,3529.1826,3431.2522,5090.3854,5949.4538,6707.1762
2021-06-22,3557.412,3464.7057,5122.1583,5982.7609,6739.7939
2021-06-23,3566.2199,3471.3411,5147.3938,6029.7733,6789.9464
2021-06-24,3566.6539,3483.9093,5155.9738,6024.8713,6754.8657
2021-06-25,3607.5618,3535.0185,5239.9684,6114.6627,6813.4138
2021-06-28,3606.3722,3520.7434,5251.7604,6144.3726,6828.5162
2021-06-29,3573.1779,3482.7333,5190.5445,6084.4978,6765.4201
2021-06-30,3591.197,3498.6485,5224.041,6135.4789,6808.1831
2021-07-01,3588.7816,3535.249,5229.6642,6125.5283,6716.6658
2021-07-02,3518.7595,3408.2369,5081.1172,5961.7574,6658.0451
2021-07-05,3534.3222,3404.7907,5085.7924,5977.8113,6711.0136
2021-07-06,3530.2589,3405.2788,5083.1043,5968.5997,6709.4983
2021-07-07,3553.7155,3424.3897,5140.4899,6053.0251,6764.1319
2021-07-08,3525.5039,3373.2555,5088.2566,6013.0817,6748.654
2021-07-09,3524.0881,3361.5946,5069.4361,6005.1463,6804.5389
2021-07-12,3547.8362,3384.5074,5132.7088,6108.0037,6904.3818
2021-07-13,3566.5225,3391.742,5142.0991,6113.5041,6961.8475
2021-07-14,3528.5011,3339.381,5083.0849,6039.6819,6898.7502
2021-07-15,3564.5902,3411.2888,5151.4626,6113.211,6932.406
2021-07-16,3539.3038,3369.8994,5094.7727,6037.0645,6925.1232
2021-07-19,3539.1225,3385.3664,5113.4945,6054.5696,6889.3375
2021-07-20,3536.7905,3378.6292,5108.9941,6055.577,6901.1318
2021-07-21,3562.6611,3388.5201,5144.0428,6120.0469,6984.5418
2021-07-22,3574.7344,3392.7165,5151.7517,6136.1128,7026.5482
2021-07-23,3550.3964,3357.447,5089.2282,6059.2485,6985.7499
2021-07-26,3467.4409,3228.3698,4925.299,5887.6429,6868.2074
2021-07-27,3381.1833,3126.3757,4751.313,5680.8976,6719.2557
2021-07-28,3361.5895,3154.6353,4760.4826,5690.3751,6621.9845
2021-07-29,3411.724,3182.796,4850.2746,5832.1828,6758.8869
2021-07-30,3397.3574,3132.8205,4811.1695,5800.2595,6767.316
2021-08-02,3464.2854,3211.1441,4933.736,5927.9863,6872.0004
2021-08-03,3447.9914,3223.8257,4934.4583,5910.0996,6816.0107
2021-08-04,3477.2186,3233.103,4978.8479,5991.3829,6931.3365
2021-08-05,3466.5491,3227.3592,4948.6703,5955.472,6911.8292
2021-08-06,3458.2277,3195.696,4921.5647,5928.8701,6938.8679
2021-08-09,3494.6348,3235.2064,4985.5627,5968.3598,6979.5256
2021-08-10,3529.9309,3288.6513,5043.148,6020.1884,7019.2284
2021-08-11,3532.6213,3262.5751,5015.3406,5998.507,7073.5219
2021-08-12,3524.7374,3226.1135,4973.3509,5958.7621,7095.2024
2021-08-13,3516.2989,3217.8366,4945.9829,5926.7448,7088.8876
2021-08-16,3517.3447,3222.6222,4941.0676,5899.8097,7052.4876
2021-08-17,3446.976,3149.8783,4837.4034,5766.3632,6894.4042
2021-08-18,3485.2859,3190.5518,4894.2384,5814.0701,6941.008
2021-08-19,3465.5546,3144.3746,4862.1394,5799.5337,6947.0564
2021-08-20,3427.3338,3072.7545,4769.2678,5695.0004,6920.0248
2021-08-23,3477.1321,3099.8867,4835.8782,5796.3657,7024.5647
2021-08-24,3514.471,3147.7685,4888.3902,5856.8659,7090.7817
2021-08-25,3540.3837,3159.8034,4898.1572,5886.5889,7153.0043
2021-08-26,3501.6643,3088.8314,4801.6094,5782.7156,7118.8442
2021-08-27,3522.1567,3123.049,4827.0433,5818.0327,7180.1088
2021-08-30,3528.1512,3112.7022,4813.2703,5820.9503,7226.8823
2021-08-31,3543.9402,3097.0584,4805.6099,5802.5695,7255.3418
2021-09-01,3567.1008,3165.0371,4869.4587,5832.3475,7193.1
2021-09-02,3597.0426,3167.0972,4869.4113,5838.7513,7307.0084
2021-09-03,3581.7344,3175.8791,4843.0624,5802.2585,7278.6809
2021-09-06,3621.8593,3211.198,4933.7262,5915.3213,7355.4013
2021-09-07,3676.5866,3248.0524,4992.8294,5984.9462,7498.9255
2021-09-08,3675.1865,3213.2567,4972.1324,5964.3429,7544.0411
2021-09-09,3693.1296,3204.2782,4970.0133,5973.6453,7617.4505
2021-09-10,3703.1103,3252.3246,5013.5219,6012.2694,7607.6749
2021-09-13,3715.3723,3242.0364,4991.6598,5993.699,7648.7481
2021-09-14,3662.6015,3188.2607,4917.1617,5931.6346,7556.6157
2021-09-15,3656.2232,3146.6337,4867.3187,5883.4884,7592.3059
2021-09-16,3607.0922,3128.5886,4807.6978,5792.7215,7446.9353
2021-09-17,3613.9663,3161.9221,4855.9402,5827.7694,7395.5645
2021-09-22,3628.4897,3122.3371,4821.7675,5806.3042,7453.6247
2021-09-23,3642.2204,3127.8207,4853.1957,5839.5934,7502.8391
2021-09-24,3613.0673,3145.112,4849.4277,5822.8655,7380.3843
2021-09-27,3582.8307,3199.9747,4877.3698,5828.9162,7170.5899
2021-09-28,3602.2184,3211.1538,4883.828,5826.6886,7198.8966
2021-09-29,3536.2944,3199.2259,4833.9281,5746.2657,7010.2192
2021-09-30,3568.1668,3196.9905,4866.3826,5812.6025,7103.6076
2021-10-08,3592.1666,3256.2613,4929.9409,5869.2226,7091.3356
2021-10-11,3591.7087,3276.4071,4936.1918,5866.9078,7090.4673
2021-10-12,3546.9362,3259.3796,4883.8369,5788.116,6952.1903
2021-10-13,3561.7623,3292.7624,4940.1089,5860.549,6981.5947
2021-10-14,3558.2795,3270.692,4913.6123,5846.6643,7008.3326
2021-10-15,3572.3662,3294.8333,4932.1084,5886.5695,7024.1596
2021-10-18,3568.1379,3229.6313,4874.7753,5846.7737,7068.1048
2021-10-19,3593.1533,3256.668,4922.7232,5892.994,7120.3794
2021-10-20,3587.0009,3254.9981,4910.1846,5883.5576,7118.7959
2021-10-21,3594.7831,3278.5419,4928.0156,5898.2248,7098.2542
2021-10-22,3582.6036,3318.1275,4959.7254,5920.2067,7026.0676
2021-10-25,3609.8626,3312.3031,4979.5235,5952.6634,7103.9856
2021-10-26,3597.6377,3290.0363,4963.0984,5932.2704,7102.4335
2021-10-27,3562.3052,3247.0966,4898.1644,5870.5326,7048.604
2021-10-28,3518.4166,3239.6104,4864.138,5819.063,6950.2768
2021-10-29,3547.3361,3267.2491,4908.7701,5894.0515,7022.4992
2021-11-01,3544.4795,3250.915,4890.6851,5877.4363,7060.756
2021-11-02,3505.6283,3212.0258,4839.8457,5824.0468,6985.0998
2021-11-03,3498.5368,3181.4505,4821.1119,5800.7529,7017.8541
2021-11-04,3526.8657,3207.2639,4868.7419,5861.4548,7073.8522
2021-11-05,3491.5677,3201.5462,4842.3458,5823.7416,6991.9077
2021-11-08,3498.6308,3196.2701,4848.1795,5839.1691,7026.9715
2021-11-09,3507.0018,3186.9577,4846.7444,5852.6981,7081.7539
2021-11-10,3492.4616,3170.4046,4821.1925,5813.9355,7062.3313
2021-11-11,3532.7858,3233.3702,4898.6529,5896.6271,7119.8589
2021-11-12,3539.1002,3220.5481,4888.3749,5888.6811,7156.6127
2021-11-15,3533.3026,3221.6866,4882.3777,5866.5484,7098.2129
2021-11-16,3521.7867,3222.1731,4883.3206,5855.1535,7045.9387
2021-11-17,3537.3662,3208.7759,4885.7544,5877.4144,7104.5344
2021-11-18,3520.7106,3173.3758,4837.6185,5825.6691,7084.6827
2021-11-19,3560.3734,3212.9077,4890.0575,5890.7868,7169.8759
2021-11-22,3582.0797,3212.1514,4912.399,5946.7627,7255.0736
2021-11-23,3589.0894,3224.1546,4913.3457,5939.4975,7261.3791
2021-11-24,3592.7025,3231.8354,4916.6579,5937.1185,7256.1117
2021-11-25,3584.1788,3218.0514,4896.4416,5917.6677,7233.5423
2021-11-26,3564.0894,3187.3579,4860.1265,5881.699,7219.8622
2021-11-29,3562.6968,3187.0485,4851.423,5887.9368,7221.8978
2021-11-30,3563.8872,3165.3496,4832.026,5873.9723,7252.7552
2021-12-01,3576.8853,3180.418,4843.851,5878.7459,7272.837
2021-12-02,3573.8358,3190.8718,4856.163,5882.7298,7229.988
2021-12-03,3607.4322,3221.4223,4901.0175,5934.4324,7301.9173
2021-12-06,3589.3061,3228.1422,4892.6209,5901.364,7240.4558
2021-12-07,3595.0882,3254.4994,4922.1015,5908.0677,7206.8257
2021-12-08,3637.5675,3304.708,4995.9298,6000.3947,7302.9905
2021-12-09,3673.0412,3360.1836,5078.6901,6076.1823,7320.3177
2021-12-10,3666.3479,3353.6302,5055.1172,6059.8406,7306.646
2021-12-13,3681.082,3366.0678,5083.8007,6100.5725,7353.0306
2021-12-14,3661.5253,3350.4973,5049.6953,6061.8086,7324.1331
2021-12-15,3647.6303,3318.9801,5005.8991,6015.0919,7314.2586
2021-12-16,3675.016,3330.8561,5034.7321,6056.5722,7380.9974
2021-12-17,3632.3638,3278.8985,4954.7599,5963.4154,7314.5601
2021-12-20,3593.6019,3255.3515,4880.4178,5866.8679,7195.9732
2021-12-21,3625.1251,3273.0313,4913.4853,5913.3474,7275.4675
2021-12-22,3622.6178,3260.5711,4914.4544,5927.9585,7302.463
2021-12-23,3643.3391,3287.1877,4948.7389,5964.5362,7337.19
2021-12-24,3618.0535,3290.2357,4921.3449,5921.2562,7278.7556
2021-12-27,3615.9741,3278.4365,4919.3238,5911.3263,7272.7493
2021-12-28,3630.1115,3303.4002,4955.9644,5950.7181,7286.0336
2021-12-29,3597.0002,3240.8452,4883.4804,5873.8024,7247.7741
2021-12-30,3619.1886,3261.7937,4921.5109,5921.1514,7310.96
2021-12-31,3639.7754,3274.3209,4940.3733,5946.5949,7359.4024
2022-01-04,3632.3289,3264.0657,4917.7653,5918.1844,7354.4562
2022-01-05,3595.1761,3254.2793,4868.1202,5843.016,7222.6747
2022-01-06,3586.0792,3210.3853,4818.2318,5793.9823,7229.9601
2022-01-07,3579.5427,3223.267,4822.3689,5789.4385,7175.676
2022-01-10,3593.5187,3236.1163,4844.0451,5815.6827,7191.4511
2022-01-11,3567.4409,3214.5287,4797.7735,5756.2721,7135.2232
2022-01-12,3597.4321,3236.3081,4845.5787,5819.5592,7196.9327
2022-01-13,3555.2585,3184.1069,4765.9191,5721.8886,7097.7594
2022-01-14,3521.2559,3139.0453,4726.7317,5688.7805,7081.1408
2022-01-17,3541.666,3147.6987,4767.2762,5748.2255,7157.8593
2022-01-18,3569.9144,3187.5244,4813.3472,5795.1008,7163.1586
2022-01-19,3558.1796,3187.1921,4780.3784,5750.4249,7118.762
2022-01-20,3555.0629,3233.7011,4823.5091,5775.1154,7056.7854
2022-01-21,3522.5679,3218.7352,4779.3142,5717.5423,6976.6155
2022-01-24,3524.105,3209.7445,4786.7377,5727.5221,6979.2456
2022-01-25,3433.0612,3144.949,4678.4511,5584.9859,6743.9566
2022-01-26,3455.6679,3163.6743,4712.3109,5620.9601,6782.5763
2022-01-27,3394.2474,3119.2386,4619.8765,5497.2537,6605.9159
2022-01-28,3361.4397,3054.0209,4563.772,5435.2305,6580.53
2022-02-07,3429.5809,3114.2603,4634.0899,5523.9061,6676.6122
2022-02-08,3452.6288,3116.5048,4608.7729,5504.0156,6742.1921
2022-02-09,3479.9458,3139.5636,4652.0609,5565.4251,6843.0271
2022-02-10,3485.9071,3145.1126,4639.8625,5552.2355,6840.485
2022-02-11,3462.9479,3142.9117,4601.3953,5495.9276,6745.0235
2022-02-14,3428.8821,3103.997,4551.6878,5443.9334,6695.6958
2022-02-15,3446.0885,3119.9276,4600.1025,5506.281,6760.2776
2022-02-16,3465.8305,3136.0821,4617.9893,5527.4804,6772.0336
2022-02-17,3468.0354,3139.1771,4629.1649,5541.8221,6768.7888
2022-02-18,3490.7573,3162.8215,4651.2358,5573.0707,6835.0217
2022-02-21,3490.6123,3144.8649,4634.3141,5559.1427,6867.1129
2022-02-22,3457.146,3102.3249,4574.1527,5490.2066,6784.7622
2022-02-23,3489.1465,3118.0376,4623.0465,5563.0162,6887.4236
2022-02-24,3429.9564,3059.6409,4529.3189,5453.184,6764.8756
2022-02-25,3451.4061,3075.5872,4573.4247,5505.8017,6819.4311
2022-02-28,3462.3064,3080.7774,4581.6459,5523.0872,6853.3081
2022-03-01,3488.8347,3125.6905,4619.6862,5559.8409,6874.0447
2022-03-02,3484.1916,3107.2405,4578.6007,5512.8096,6875.2404
2022-03-03,3481.1125,3097.0887,4551.6283,5477.9076,6859.5522
2022-03-04,3447.649,3062.3824,4496.4301,5405.5146,6803.8337
2022-03-07,3372.8552,2974.6762,4352.7775,5236.4524,6659.3902
2022-03-08,3293.5301,2933.1637,4265.391,5122.2517,6429.8888
2022-03-09,3256.3884,2907.1781,4226.3463,5074.8498,6305.6093
2022-03-10,3296.0922,2933.4611,4292.8374,5160.5758,6414.9402
2022-03-11,3309.7467,2935.684,4306.5217,5175.8294,6474.1269
2022-03-14,3223.5328,2851.8769,4174.7577,5019.8029,6323.5779
2022-03-15,3063.9652,2702.8532,3983.812,4778.8762,5964.9813
2022-03-16,3170.7103,2827.7497,4156.081,4980.2394,6156.2714
2022-03-17,3215.0445,2877.2192,4237.6956,5084.8041,6267.5244
2022-03-18,3251.0724,2913.1854,4265.9017,5121.2454,6332.2166
2022-03-21,3253.6857,2892.1069,4258.7459,5119.3667,6358.943
2022-03-22,3259.8619,2900.7676,4255.295,5116.6856,6358.1093
2022-03-23,3271.0325,2916.5081,4276.5174,5143.9532,6398.1009
2022-03-24,3250.2644,2903.617,4251.3061,5110.4906,6344.115
2022-03-25,3212.2399,2856.4277,4174.5742,5018.9974,6268.2376
2022-03-28,3214.5027,2853.1819,4148.4663,4992.2959,6283.2814
2022-03-29,3203.9393,2842.1531,4134.1441,4970.5137,6253.0692
2022-03-30,3266.5959,2915.4906,4254.0989,5107.4787,6377.8744
2022-03-31,3252.2029,2898.8261,4222.5968,5061.5304,6324.9609
2022-04-01,3282.7166,2943.2437,4276.158,5117.2766,6364.5206
2022-04-06,3283.4261,2931.1983,4263.8411,5099.7385,6356.9271
2022-04-07,3236.6951,2902.4818,4209.0998,5031.0575,6221.5908
2022-04-08,3251.8502,2925.4913,4230.7669,5052.4647,6224.1167
2022-04-11,3167.1259,2846.38,4100.0703,4887.5442,6029.8935
2022-04-12,3213.3295,2894.2583,4179.9727,4975.7537,6126.9065
2022-04-13,3186.8244,2882.2788,4139.737,4923.6493,6044.3263
2022-04-14,3225.6412,2928.5962,4191.5684,4985.4992,6126.4902
2022-04-15,3211.2448,2930.5784,4188.7472,4968.7713,6070.7489
2022-04-18,3195.524,2887.7208,4166.3844,4953.2022,6074.0069
2022-04-19,3194.0287,2861.567,4134.9017,4925.8222,6092.3963
2022-04-20,3151.0498,2835.3517,4070.7889,4838.7995,5956.9208
2022-04-21,3079.8077,2797.5293,3995.83,4729.1151,5759.8013
2022-04-22,3086.9193,2814.1273,4013.2498,4741.8248,5740.9844
2022-04-25,2928.5118,2683.4127,3814.9127,4484.4534,5369.7171
2022-04-26,2886.4257,2681.0281,3784.1198,4436.9088,5234.0059
2022-04-27,2958.282,2734.5403,3895.5361,4591.5715,5437.0374
2022-04-28,2975.4848,2769.7122,3921.1073,4615.8504,5418.7641
2022-04-29,3047.0624,2805.3359,4016.241,4745.7346,5627.9021
2022-05-05,3067.7587,2800.9291,4010.2102,4749.477,5686.7023
2022-05-06,3001.5605,2719.7611,3908.815,4630.7568,5563.7693
2022-05-09,3004.1409,2695.1325,3877.4364,4603.1438,5608.5162
2022-05-10,3035.8442,2718.3706,3919.8684,4655.0953,5690.0868
2022-05-11,3058.7027,2741.2324,3976.4231,4724.3316,5737.8173
2022-05-12,3054.994,2721.7699,3958.74,4706.8881,5743.1007
2022-05-13,3084.2845,2748.2369,3988.6002,4743.8854,5796.8014
2022-05-16,3073.7488,2720.4055,3956.5378,4715.2159,5791.0809
2022-05-17,3093.6965,2756.74,4005.8934,4774.9038,5816.3379
2022-05-18,3085.9768,2745.5279,3991.9069,4758.5824,5797.4896
2022-05-19,3096.9648,2744.545,3999.5984,4775.087,5838.4074
2022-05-20,3146.5673,2807.942,4077.5998,4866.1128,5929.4882
2022-05-23,3146.8573,2782.5478,4053.9823,4846.7082,5965.7277
2022-05-24,3070.9272,2734.1923,3959.1541,4718.3459,5745.6751
2022-05-25,3107.4641,2743.4166,3983.1784,4752.5861,5844.2546
2022-05-26,3123.1079,2744.8984,3993.0446,4773.4013,5911.5607
2022-05-27,3130.2394,2763.0717,4001.2988,4781.5809,5899.915
2022-05-30,3149.0607,2778.4507,4029.0179,4821.2432,5942.8317
2022-05-31,3186.4271,2813.2188,4091.5176,4895.1025,6026.2373
2022-06-01,3182.1566,2798.0681,4083.1772,4892.268,6023.644
2022-06-02,3195.458,2790.3164,4089.5682,4910.2571,6078.4349
2022-06-06,3236.3719,2825.6505,4166.085,5007.9514,6187.4441
2022-06-07,3241.7635,2846.8098,4179.1285,5014.8643,6186.5672
2022-06-08,3263.7934,2879.3113,4219.8122,5059.9605,6217.8276
2022-06-09,3238.9543,2868.4236,4175.6747,4997.5569,6130.6862
2022-06-10,3284.8341,2899.5785,4238.9936,5077.1244,6240.1032
2022-06-13,3255.5511,2844.7236,4189.3527,5032.0164,6233.6194
2022-06-14,3288.9066,2882.7031,4222.3114,5057.456,6275.5652
2022-06-15,3305.4066,2923.9889,4278.2178,5103.6312,6261.0613
2022-06-16,3285.3845,2891.3354,4250.0614,5085.3241,6264.822
2022-06-17,3316.7857,2936.1999,4309.0444,5158.7455,6316.3092
2022-06-20,3315.4302,2924.9151,4330.4328,5183.9269,6330.3942
2022-06-21,3306.7186,2926.475,4325.5657,5167.8065,6277.0014
2022-06-22,3267.2016,2892.2861,4270.6227,5096.6672,6179.57
2022-06-23,3320.1487,2935.8829,4343.8781,5191.9562,6300.4746
2022-06-24,3349.747,2974.7537,4394.7723,5258.2256,6368.2827
2022-06-27,3379.1852,3013.948,4444.2639,5315.9562,6407.7447
2022-06-28,3409.2103,3039.4133,4490.5166,5381.162,6501.352
2022-06-29,3361.5177,3009.2359,4421.357,5288.534,6374.2974
2022-06-30,3398.6161,3058.3976,4485.0108,5364.324,6454.0778
2022-07-01,3387.6373,3045.2687,4466.7179,5348.7811,6438.5375
2022-07-04,3405.4267,3050.1516,4496.0303,5391.4969,6523.1311
2022-07-05,3404.0252,3052.1113,4489.5383,5388.1276,6511.5297
2022-07-06,3355.3497,2996.7279,4423.9698,5308.3802,6418.5453
2022-07-07,3364.398,2989.2081,4443.4736,5337.583,6452.9863
2022-07-08,3356.0778,2993.3063,4428.781,5312.667,6404.4393
2022-07-11,3313.584,2942.2959,4354.6167,5215.3407,6319.1402
2022-07-12,3281.4665,2922.0045,4313.6184,5159.0116,6241.4793
2022-07-13,3284.2918,2914.2949,4321.4617,5173.3429,6268.4943
2022-07-14,3281.744,2895.299,4322.0742,5186.0182,6302.4319
2022-07-15,3228.0609,2839.3936,4248.5273,5101.7992,6196.7999
2022-07-18,3278.1033,2878.6393,4292.5858,5160.7317,6312.3557
2022-07-19,3279.4313,2865.6029,4269.3401,5140.2494,6335.7093
2022-07-20,3304.7243,2874.0775,4283.8027,5164.8346,6410.7088
2022-07-21,3272.0012,2836.6615,4236.0578,5107.7885,6347.5984
2022-07-22,3269.9739,2848.436,4238.2341,5101.2564,6289.5325
2022-07-25,3250.388,2837.2596,4212.6441,5065.6522,6231.2355
2022-07-26,3277.4356,2854.6387,4245.9758,5109.5677,6307.956
2022-07-27,3275.7553,2829.9217,4225.0357,5093.7679,6332.2327
2022-07-28,3282.5758,2827.1067,4225.6733,5097.1191,6348.1655
2022-07-29,3253.2382,2792.3287,4170.1019,5034.1838,6294.1144
2022-08-01,3259.9585,2781.6822,4188.6784,5064.4045,6347.2211
2022-08-02,3186.2664,2730.7553,4107.024,4958.2588,6169.9961
2022-08-03,3163.6741,2710.7238,4066.9754,4912.541,6124.3146
2022-08-04,3189.0391,2741.0872,4101.5367,4951.8253,6158.7346
2022-08-05,3227.0267,2774.3351,4156.9111,5026.2689,6270.5113
2022-08-08,3236.9337,2761.1571,4148.0746,5026.7505,6323.0746
2022-08-09,3247.4318,2764.068,4156.2907,5040.3202,6341.4806
2022-08-10,3230.02,2730.9608,4109.7373,4990.3248,6322.0558
2022-08-11,3281.6654,2787.0631,4193.5428,5084.0993,6439.3586
2022-08-12,3276.8877,2796.8887,4191.152,5076.5721,6420.853
2022-08-15,3276.087,2782.666,4185.6794,5079.9831,6442.8093
2022-08-16,3277.8847,2769.2609,4177.837,5074.6786,6465.1866
2022-08-17,3292.526,2785.8529,4216.9586,5112.7964,6493.5047
2022-08-18,3277.5438,2759.2944,4180.0996,5073.0702,6468.8056
2022-08-19,3258.0784,2750.6305,4151.0738,5029.8198,6391.7159
2022-08-22,3277.7943,2756.3688,4181.3965,5080.2785,6472.6799
2022-08-23,3276.2234,2735.666,4161.0823,5057.9333,6466.4045
2022-08-24,3215.2033,2708.0902,4082.4195,4944.1732,6284.5769
2022-08-25,3246.2481,2752.556,4116.2396,4978.9375,6322.6961
2022-08-26,3236.2226,2751.5894,4107.5455,4962.9313,6298.3739
2022-08-29,3240.7275,2732.2055,4089.5205,4944.53,6310.402
2022-08-30,3227.2203,2726.6602,4075.7937,4922.8178,6285.9273
2022-08-31,3202.1378,2761.7831,4078.8402,4900.0966,6155.7455
2022-09-01,3184.9797,2732.399,4043.7395,4858.9206,6126.7685
2022-09-02,3186.4781,2711.2642,4023.6131,4843.3839,6149.4273
2022-09-05,3199.9118,2697.7665,4015.4264,4836.1343,6182.6465
2022-09-06,3243.4466,2724.498,4052.2802,4890.4121,6291.5707
2022-09-07,3246.2943,2710.6862,4054.983,4900.8644,6301.5644
2022-09-08,3235.5862,2708.2782,4037.6839,4875.0935,6272.5752
2022-09-09,3262.0542,2757.5659,4093.7874,4939.1507,6316.9724
2022-09-13,3263.7972,2769.2348,4111.1145,4955.9813,6300.422
2022-09-14,3237.5419,2745.4284,4065.359,4902.1535,6249.963
2022-09-15,3199.9187,2743.7886,4027.1186,4837.2195,6107.7964
2022-09-16,3126.3977,2678.0331,3932.6826,4727.1903,5954.5037
2022-09-19,3115.6019,2679.5857,3928.0001,4715.2664,5913.1493
2022-09-20,3122.4058,2673.8804,3932.8361,4728.6709,5958.2922
2022-09-21,3117.1774,2652.2142,3903.7348,4699.3874,5978.581
2022-09-22,3108.9096,2629.3701,3869.344,4662.8188,5965.8854
2022-09-23,3088.3695,2629.8089,3856.0212,4634.5865,5889.6019
2022-09-26,3051.226,2614.8998,3836.6773,4604.3614,5806.3181
2022-09-27,3093.8618,2642.9212,3892.295,4673.0695,5920.0531
2022-09-28,3045.0668,2611.9815,3828.7098,4579.7758,5769.5198
2022-09-29,3041.2046,2608.9774,3827.1434,4583.4222,5771.8812
2022-09-30,3024.3905,2610.1165,3804.8853,4547.4111,5714.0629
2022-10-10,2974.1454,2545.0494,3720.9365,4445.6236,5635.7109
2022-10-11,2979.7926,2539.9455,3727.6867,4460.1367,5684.5063
2022-10-12,3025.5055,2555.024,3784.3064,4536.1563,5820.4537
2022-10-13,3016.3561,2523.6321,3752.6729,4505.7376,5830.3355
2022-10-14,3071.9868,2584.6847,3842.4698,4616.7493,5973.4389
2022-10-17,3084.9423,2585.4973,3846.4119,4629.3406,6015.5963
2022-10-18,3080.9574,2569.9675,3838.2667,4623.5907,6035.6737
2022-10-19,3044.3777,2519.9033,3776.5335,4555.6508,5972.7226
2022-10-20,3035.0504,2501.4956,3754.9269,4524.6567,5948.8621
2022-10-21,3038.9291,2487.221,3742.8929,4507.8773,5956.8811
2022-10-24,2977.5554,2392.5978,3633.3733,4393.8974,5896.9031
2022-10-25,2976.283,2394.92,3627.4542,4385.7278,5869.781
2022-10-26,2999.5036,2400.5156,3656.9027,4431.1541,5971.6009
2022-10-27,2982.9029,2381.2628,3631.1448,4403.5456,5963.0037
2022-10-28,2915.9257,2326.9417,3541.3295,4282.5676,5781.7972
2022-10-31,2893.4829,2295.9239,3508.7034,4254.2646,5807.1063
2022-11-01,2969.1995,2396.6294,3634.1732,4398.877,5941.1451
2022-11-02,3003.3699,2418.3222,3677.8051,4452.0538,5997.8038
2022-11-03,2997.8057,2387.4523,3647.8966,4424.7776,5996.7187
2022-11-04,3070.7964,2468.2764,3767.1746,4565.4128,6133.4629
2022-11-07,3077.817,2477.7666,3775.2971,4575.7842,6141.4088
2022-11-08,3064.4928,2459.0913,3749.3251,4550.8079,6134.2564
2022-11-09,3048.1676,2440.352,3714.2704,4512.0286,6120.8286
2022-11-10,3036.1318,2440.3171,3685.6885,4471.7048,6089.6951
2022-11-11,3087.2926,2518.0491,3788.4387,4582.5318,6138.6211
2022-11-14,3083.4013,2538.2967,3794.0171,4580.5685,6129.5129
2022-11-15,3134.0778,2583.7231,3865.9726,4667.1136,6236.3838
2022-11-16,3119.9804,2572.8872,3834.3899,4631.8555,6203.9174
2022-11-17,3115.4347,2560.0167,3818.664,4614.6844,6217.2052
2022-11-18,3097.2432,2546.7154,3801.5686,4593.2097,6191.6477
2022-11-21,3085.0444,2514.8539,3769.1269,4565.3529,6189.7092
2022-11-22,3088.9426,2531.3437,3769.5727,4555.253,6125.3999
2022-11-23,3096.9073,2535.5226,3773.5287,4559.0776,6115.6049
2022-11-24,3089.3096,2520.5634,3756.8082,4542.3052,6120.0659
2022-11-25,3101.6932,2544.6147,3775.7764,4551.8867,6087.8591
2022-11-28,3078.5485,2503.6228,3733.2424,4506.9626,6055.2843
2022-11-29,3149.7478,2607.7499,3848.4224,4631.2373,6163.8214
2022-11-30,3151.3353,2606.5427,3853.0365,4638.822,6156.1465
2022-12-01,3165.4711,2631.2051,3894.7687,4688.2531,6186.1021
2022-12-02,3156.1442,2614.6137,3870.9478,4660.6943,6168.0127
2022-12-05,3211.8144,2676.1429,3946.8759,4737.6794,6215.1244
2022-12-06,3212.5334,2684.8458,3968.1979,4759.9094,6211.2515
2022-12-07,3199.6194,2670.647,3958.4409,4750.1978,6204.0051
2022-12-08,3197.3499,2672.8957,3959.1798,4745.6244,6186.2835
2022-12-09,3206.9502,2706.7388,3998.2442,4788.8766,6192.3009
2022-12-12,3179.0417,2673.9391,3953.4433,4742.4259,6154.8092
2022-12-13,3176.3255,2676.8995,3945.6813,4722.2161,6121.6615
2022-12-14,3176.5253,2686.3682,3954.8857,4724.617,6096.3856
2022-12-15,3168.6478,2675.1875,3951.9885,4729.5484,6101.8787
2022-12-16,3167.8576,2688.2899,3954.227,4719.3946,6072.8627
2022-12-19,3107.115,2646.1789,3893.2207,4645.7297,5936.4751
2022-12-20,3073.7659,2599.4882,3829.0173,4573.3333,5878.0314
2022-12-21,3068.4105,2607.4236,3830.5384,4566.6349,5845.835
2022-12-22,3054.4313,2619.7569,3836.028,4558.7807,5779.0555
2022-12-23,3045.8664,2615.8794,3828.2188,4547.9908,5763.3458
2022-12-26,3065.5626,2607.5229,3843.4887,4582.5783,5843.2555
2022-12-27,3095.5678,2632.4526,3887.854,4629.3121,5885.6622
2022-12-28,3087.3997,2638.3055,3871.2644,4607.0857,5862.0967
2022-12-29,3073.7016,2622.0716,3856.7007,4592.2634,5857.4021
2022-12-30,3089.2579,2635.2484,3871.6338,4605.1773,5864.4669
2023-01-03,3116.5119,2641.4218,3887.8992,4642.8124,5955.8969
2023-01-04,3123.5164,2651.005,3892.9477,4642.4484,5952.4538
2023-01-05,3155.2162,2700.3082,3968.5782,4728.508,6010.4641
2023-01-06,3157.6365,2713.6307,3980.8888,4746.1381,6012.8152
2023-01-09,3176.0845,2742.2014,4013.1196,4779.0831,6040.0193
2023-01-10,3169.5072,2733.6188,4017.4737,4787.7076,6048.2968
2023-01-11,3161.8376,2740.1927,4010.0309,4776.9077,6014.1565
2023-01-12,3163.4509,2741.9454,4017.8692,4785.03,6015.2871
2023-01-13,3195.3059,2787.3561,4074.3772,4840.454,6057.6902
2023-01-16,3227.5916,2834.2913,4137.9643,4912.451,6126.1772
2023-01-17,3224.2448,2827.0272,4137.2422,4913.7235,6132.6391
2023-01-18,3224.406,2810.086,4130.3143,4912.3873,6151.4557
2023-01-19,3240.2794,2820.8067,4156.0077,4945.7571,6204.3261
2023-01-20,3264.8138,2836.807,4181.5267,4982.7436,6251.4337
2023-01-30,3269.318,2839.1216,4201.345,5011.2497,6283.3272
2023-01-31,3255.6692,2807.9519,4156.8578,4969.5849,6289.15
2023-02-01,3284.9213,2820.8742,4195.9332,5018.3,6365.9051
2023-02-02,3285.6705,2811.8468,4181.1493,5006.9845,6370.1411
2023-02-03,3263.4059,2774.8009,4141.6319,4966.3463,6343.6861
2023-02-06,3238.6978,2735.0045,4086.8779,4906.4882,6302.3349
2023-02-07,3248.094,2740.4446,4094.2335,4916.9395,6317.2377
2023-02-08,3232.1063,2731.2516,4076.1411,4892.0935,6268.2759
2023-02-09,3270.3826,2761.872,4130.8565,4960.1206,6354.562
2023-02-10,3260.6734,2746.7231,4106.3097,4931.5766,6334.252
2023-02-13,3284.1599,2767.7933,4143.574,4977.0238,6383.8279
2023-02-14,3293.2825,2776.9822,4145.2902,4978.3833,6397.2146
2023-02-15,3280.4919,2752.3385,4123.6893,4956.9157,6384.3479
2023-02-16,3249.0295,2742.8042,4093.4876,4909.83,6289.4786
2023-02-17,3224.0243,2714.2891,4034.507,4840.3642,6237.4053
2023-02-20,3290.3383,2788.3958,4133.4896,4953.7102,6346.0678
2023-02-21,3306.5236,2802.1357,4144.3536,4970.0903,6383.4248
2023-02-22,3291.1477,2769.344,4106.9506,4929.6695,6375.0684
2023-02-23,3287.477,2767.5352,4103.6463,4922.7639,6360.3202
2023-02-24,3267.1597,2727.5902,4061.0457,4878.2467,6340.8435
2023-02-27,3258.0344,2723.5835,4043.8444,4856.0706,6307.2057
2023-02-28,3279.6053,2737.1547,4069.4587,4886.2801,6357.5352
2023-03-01,3312.3478,2773.6494,4126.9415,4952.1841,6402.1411
2023-03-02,3310.6536,2769.1077,4117.7377,4940.3218,6382.2322
2023-03-03,3328.3927,2774.5079,4130.5513,4951.6686,6390.3177
2023-03-06,3322.0259,2744.1406,4109.0102,4932.7484,6395.2191
2023-03-07,3285.0988,2713.1681,4048.8519,4855.3789,6284.2986
2023-03-08,3283.2479,2691.9327,4034.1077,4845.8664,6301.5157
2023-03-09,3276.0937,2671.8434,4019.8505,4830.8344,6285.9521
2023-03-10,3230.0766,2636.3891,3967.1352,4766.4929,6204.8989
2023-03-13,3268.6955,2664.0378,4008.686,4810.0763,6245.0029
2023-03-14,3245.3123,2645.1143,3984.6956,4776.438,6189.3969
2023-03-15,3263.3148,2648.3852,3986.902,4779.4152,6224.64
2023-03-16,3226.8912,2622.8232,3939.1505,4716.2652,6140.8317
2023-03-17,3250.546,2628.5911,3958.8194,4743.6217,6183.1843
2023-03-20,3234.9103,2616.7505,3939.077,4722.6059,6160.3541
2023-03-21,3255.6505,2643.3583,3982.3782,4781.2589,6234.6793
2023-03-22,3265.7475,2651.5343,3999.4427,4806.4709,6269.7384
2023-03-23,3286.6491,2668.6691,4039.0895,4850.072,6305.7585
2023-03-24,3265.6537,2653.285,4027.0457,4841.552,6310.0979
2023-03-27,3251.3971,2639.6226,4012.4771,4830.8816,6311.5998
2023-03-28,3245.376,2638.7377,3999.5147,4805.3673,6279.9217
2023-03-29,3240.0568,2636.2229,4006.144,4811.5113,6260.551
2023-03-30,3261.2485,2664.2119,4038.5257,4845.7152,6286.1773
2023-03-31,3272.8602,2661.9197,4050.9257,4868.378,6339.8183
2023-04-03,3296.396,2665.7232,4090.5676,4924.8591,6413.8073
2023-04-04,3312.5578,2675.9173,4103.1052,4930.7339,6408.8994
2023-04-06,3312.628,2666.4478,4096.64,4928.7799,6416.8456
2023-04-07,3327.6457,2684.8618,4123.2799,4963.7239,6464.4664
2023-04-10,3315.3578,2684.9086,4104.8118,4935.497,6410.5218
2023-04-11,3313.5705,2680.0435,4100.1479,4933.519,6420.877
2023-04-12,3327.1816,2665.7695,4097.2876,4939.4826,6443.4391
2023-04-13,3318.3638,2670.0139,4068.9786,4900.5471,6404.6463
2023-04-14,3338.1525,2679.0072,4091.9988,4933.3629,6431.0688
2023-04-17,3385.6095,2732.974,4149.3836,4984.7583,6459.2396
2023-04-18,3393.3312,2744.4539,4162.032,4995.855,6449.8531
2023-04-19,3370.1283,2720.718,4124.5589,4955.1131,6416.9696
2023-04-20,3367.031,2704.8577,4113.0192,4943.7011,6411.7564
2023-04-21,3301.2575,2654.211,4032.5672,4836.7752,6250.5446
2023-04-24,3275.413,2618.4783,3982.6429,4782.884,6208.7797
2023-04-25,3264.8717,2619.2326,3962.6658,4737.7775,6118.1526
2023-04-26,3264.1006,2617.9775,3959.2323,4741.3239,6142.1541
2023-04-27,3285.8844,2650.5699,3988.4185,4763.8329,6157.936
2023-04-28,3323.2746,2677.7565,4029.0858,4819.1442,6241.2441
2023-05-04,3350.4587,2692.691,4030.2471,4808.136,6262.3891
2023-05-05,3334.5028,2685.1732,4016.8774,4777.2547,6200.5759
2023-05-08,3395.0036,2720.323,4062.6624,4825.6428,6248.5828
2023-05-09,3357.6707,2703.937,4027.8754,4776.0949,6181.9757
2023-05-10,3319.1506,2673.9063,3996.8695,4756.1192,6173.8093
2023-05-11,3309.5512,2666.0615,3990.6637,4747.6826,6154.4703
2023-05-12,3272.3619,2630.9479,3937.7622,4681.5066,6091.6464
2023-05-15,3310.7367,2677.0372,3998.8872,4753.9841,6159.3888
2023-05-16,3290.9874,2670.4505,3978.2054,4724.903,6110.8271
2023-05-17,3284.232,2649.3562,3960.165,4711.7047,6122.0518
2023-05-18,3297.3199,2644.2176,3956.0701,4710.2221,6128.1762
2023-05-19,3283.5417,2633.3861,3944.5403,4699.2851,6117.0833
2023-05-22,3296.4696,2658.7887,3969.3277,4723.3653,6115.3151
2023-05-23,3246.238,2617.5398,3913.1882,4661.2982,6052.4297
2023-05-24,3204.7494,2577.3423,3859.0935,4607.1672,6005.7913
2023-05-25,3201.2605,2564.5045,3850.4996,4595.7882,5988.1885
2023-05-26,3212.5038,2559.6142,3850.9511,4599.6074,6034.9834
2023-05-29,3221.4484,2548.2861,3833.9416,4579.0254,6025.1552
2023-05-30,3224.2133,2535.1442,3837.7531,4592.7655,6061.3089
2023-05-31,3204.5644,2493.3496,3798.5434,4548.8614,6047.8021
2023-06-01,3204.6345,2500.3396,3806.8679,4562.8891,6051.4603
2023-06-02,3230.0686,2543.5764,3861.8337,4629.3768,6105.2181
2023-06-05,3232.441,2528.399,3844.2492,4612.1136,6097.1059
2023-06-06,3195.3404,2519.1892,3808.1629,4559.0148,5983.4202
2023-06-07,3197.7587,2511.3925,3789.3418,4537.2591,5987.011
2023-06-08,3213.5855,2540.0645,3820.1867,4558.2243,5966.1477
2023-06-09,3231.4055,2543.9316,3836.7026,4587.1862,6009.5826
2023-06-12,3228.8336,2542.1962,3844.4324,4599.4238,6027.7122
2023-06-13,3233.6734,2544.9504,3864.9074,4624.1494,6044.0371
2023-06-14,3228.9887,2541.8134,3864.0247,4625.9627,6044.0766
2023-06-15,3252.9751,2576.7424,3925.4994,4696.7347,6096.8075
2023-06-16,3273.3341,2600.9191,3963.3509,4746.5283,6148.0125
2023-06-19,3255.8057,2560.5289,3930.9079,4716.6269,6131.3849
2023-06-20,3240.3648,2547.2541,3924.2377,4714.9123,6126.1133
2023-06-21,3197.9011,2519.0787,3864.0323,4630.2521,5990.8455
2023-06-26,3150.6189,2488.7383,3809.6962,4561.2888,5887.0324
2023-06-27,3189.4427,2506.5991,3845.4334,4606.0216,5948.0029
2023-06-28,3189.3758,2510.7153,3840.7986,4595.3246,5942.3112
2023-06-29,3182.3812,2490.8971,3821.8435,4578.555,5940.5782
2023-06-30,3202.0623,2492.102,3842.4516,4608.5028,5998.7293
2023-07-03,3243.975,2534.4735,3892.8821,4656.9183,6042.3122
2023-07-04,3245.3492,2537.5956,3899.0133,4666.454,6055.2577
2023-07-05,3222.9469,2520.1751,3868.8054,4631.478,6020.8212
2023-07-06,3205.5748,2501.3167,3842.7547,4602.7768,5988.5525
2023-07-07,3196.6092,2489.5351,3825.6988,4575.2449,5961.6057
2023-07-10,3203.6958,2503.2767,3844.3269,4599.225,5984.2814
2023-07-11,3221.3666,2518.5282,3869.4861,4630.2263,6029.2318
2023-07-12,3196.1337,2513.417,3843.4369,4592.522,5962.7938
2023-07-13,3236.48,2546.3809,3898.4229,4656.57,6044.0583
2023-07-14,3237.7012,2547.9393,3899.1027,4655.0826,6030.5188
2023-07-17,3209.6298,2520.7864,3867.1749,4620.0314,6012.6895
2023-07-18,3197.8201,2511.6351,3854.9393,4605.9648,6001.7998
2023-07-19,3198.8358,2517.106,3850.8663,4598.6392,5993.4126
2023-07-20,3169.522,2506.863,3823.6946,4560.5569,5925.4843
2023-07-21,3167.7452,2509.2927,3821.91,4555.1675,5925.6255
2023-07-24,3164.1608,2499.9998,3805.221,4536.1496,5916.7141
2023-07-25,3231.5213,2578.3511,3915.1153,4654.9414,6016.6312
2023-07-26,3223.0279,2576.3902,3907.0128,4641.9179,6001.5402
2023-07-27,3216.6709,2575.3646,3902.3458,4629.1481,5961.1843
2023-07-28,3275.9257,2647.0315,3992.7376,4716.8923,6043.2438
2023-07-31,3291.0398,2653.369,4014.6301,4748.7978,6088.2431
2023-08-01,3290.9493,2645.8929,3998.001,4737.6459,6098.8789
2023-08-02,3261.6903,2620.6844,3969.895,4707.9768,6077.4645
2023-08-03,3280.4626,2645.1526,4004.9839,4736.2998,6098.6868
2023-08-04,3288.0842,2648.8447,4020.5792,4756.8747,6128.556
2023-08-07,3268.8311,2634.5809,3990.1531,4723.6299,6090.7307
2023-08-08,3260.6196,2631.3774,3979.7322,4708.6532,6066.1019
2023-08-09,3244.4867,2628.7041,3967.5652,4687.9879,6021.7506
2023-08-10,3254.5597,2629.4432,3975.7166,4694.5683,6031.7105
2023-08-11,3189.248,2568.8984,3884.2538,4592.5982,5913.3502
2023-08-14,3178.4272,2549.2843,3855.9061,4568.6541,5916.8029
2023-08-15,3176.1758,2546.442,3846.5357,4545.5059,5879.7782
2023-08-16,3150.1277,2530.8097,3818.3338,4504.9229,5833.2155
2023-08-17,3163.7393,2536.4891,3831.1008,4525.901,5874.3609
2023-08-18,3131.953,2507.5798,3784.0038,4461.0272,5777.7972
2023-08-21,3092.9777,2475.0897,3729.555,4403.2432,5710.7783
2023-08-22,3120.3338,2493.7638,3758.2271,4435.3498,5741.0606
2023-08-23,3078.4021,2461.1872,3696.6339,4356.4143,5629.4999
2023-08-24,3082.2439,2480.7518,3723.4293,4386.9974,5652.6729
2023-08-25,3064.0747,2485.3343,3709.1517,4355.3525,5581.2116
2023-08-28,3098.6363,2518.1857,3752.6194,4404.9034,5644.1405
2023-08-29,3135.8867,2529.2228,3790.1067,4468.5501,5770.3155
2023-08-30,3137.1375,2522.5419,3788.5097,4475.7084,5775.1534
2023-08-31,3119.8764,2510.4577,3765.2678,4450.7377,5739.3984
2023-09-01,3133.2467,2532.2541,3791.4912,4475.6484,5750.8027
2023-09-04,3177.0603,2577.4651,3848.9517,4545.5603,5829.784
2023-09-05,3154.3693,2561.7902,3820.3174,4513.3584,5788.7149
2023-09-06,3158.0769,2559.3574,3812.0283,4505.9634,5790.3806
2023-09-07,3122.3523,2534.1555,3758.4748,4436.1928,5702.7008
2023-09-08,3116.7191,2519.9694,3739.9927,4416.735,5708.6227
2023-09-11,3142.779,2536.1714,3767.537,4452.4865,5774.7305
2023-09-12,3137.0593,2531.8257,3760.6048,4445.4269,5770.9259
2023-09-13,3123.0669,2524.5413,3736.6513,4411.3247,5715.3973
2023-09-14,3126.5511,2530.9791,3733.5077,4403.4224,5702.102
2023-09-15,3117.7434,2514.9794,3708.7766,4377.1287,5704.6632
2023-09-18,3125.9319,2531.8974,3727.711,4398.7815,5719.6887
2023-09-19,3124.9567,2532.2789,3720.5021,4383.5598,5687.9007
2023-09-20,3108.5679,2521.562,3705.6898,4362.4709,5651.0062
2023-09-21,3084.701,2495.7393,3672.4448,4325.5891,5611.9186
2023-09-22,3132.4316,2550.9827,3738.9327,4406.912,5698.8168
2023-09-25,3115.6071,2529.1496,3714.6037,4378.568,5666.6642
2023-09-26,3102.2726,2513.4072,3692.8928,4353.0249,5646.6544
2023-09-27,3107.3156,2520.1395,3700.495,4367.346,5674.3451
2023-09-28,3110.4753,2507.0857,3689.5172,4362.8545,5690.7697
2023-10-09,3096.9224,2499.5666,3684.7272,4355.7956,5658.0832
2023-10-10,3075.2361,2482.5345,3657.1259,4327.5238,5630.3714
2023-10-11,3078.9556,2490.855,3667.5483,4340.3171,5629.7886
2023-10-12,3107.9007,2514.3904,3702.3824,4378.9202,5671.6419
2023-10-13,3088.0991,2489.1251,3663.4104,4335.207,5633.3831
2023-10-16,3073.813,2468.4363,3626.5972,4289.102,5580.6666
2023-10-17,3083.4964,2478.9047,3639.4018,4299.814,5595.3423
2023-10-18,3058.7098,2467.1915,3610.5767,4257.5959,5524.5988
2023-10-19,3005.3934,2401.9299,3533.5445,4173.819,5464.027
2023-10-20,2983.0585,2389.2196,3510.5889,4142.9743,5423.6748
2023-10-23,2939.2913,2369.9347,3474.2438,4089.3441,5290.3343
2023-10-24,2962.2437,2378.4389,3487.1302,4108.1953,5352.0123
2023-10-25,2974.1135,2386.3026,3504.4576,4126.7274,5375.9983
2023-10-26,2988.2992,2393.7344,3514.1448,4138.4157,5398.934
2023-10-27,3017.7842,2414.9125,3562.3851,4202.4548,5492.0274
2023-10-30,3021.5534,2414.1562,3583.7718,4237.0114,5546.3881
2023-10-31,3018.7706,2411.4794,3572.5056,4219.4358,5528.2385
2023-11-01,3023.0765,2420.7346,3571.0268,4215.8083,5509.9662
2023-11-02,3009.4058,2417.459,3554.1889,4192.181,5459.4517
2023-11-03,3030.7977,2436.9411,3584.1364,4232.3096,5510.357
2023-11-06,3058.4105,2456.7745,3632.6084,4294.1066,5605.0621
2023-11-07,3057.2697,2443.9657,3619.7593,4283.7983,5611.0983
2023-11-08,3052.3726,2436.6983,3611.0723,4277.9831,5608.0173
2023-11-09,3053.2792,2436.2349,3612.8263,4276.2341,5592.0568
2023-11-10,3038.9699,2414.0167,3586.4893,4247.0625,5573.0999
2023-11-13,3046.5329,2407.5885,3579.4141,4250.0771,5605.5688
2023-11-14,3056.0703,2406.3969,3582.0584,4253.2975,5630.5534
2023-11-15,3072.8348,2427.1241,3607.2454,4283.7047,5664.617
2023-11-16,3050.9257,2404.3187,3572.3641,4239.6747,5609.3607
2023-11-17,3054.3655,2398.2037,3568.0685,4241.0815,5631.4233
2023-11-20,3068.3191,2404.7673,3576.3233,4254.2887,5659.7727
2023-11-21,3067.9328,2416.241,3581.0674,4253.417,5641.0844
2023-11-22,3043.611,2396.904,3544.4162,4203.63,5572.8986
2023-11-23,3061.8562,2405.1654,3561.5204,4228.7996,5622.9891
2023-11-24,3040.9717,2391.0208,3538.0087,4194.9056,5570.4205
2023-11-27,3031.7002,2370.7186,3511.9424,4170.4085,5566.5069
2023-11-28,3038.5545,2371.212,3518.5232,4181.6691,5591.4955
2023-11-29,3021.6874,2358.1163,3488.3073,4148.0306,5553.3349
2023-11-30,3029.6727,2365.9963,3496.2028,4150.2651,5545.0504
2023-12-01,3031.6358,2352.0003,3482.8813,4144.4303,5566.8689
2023-12-04,3022.9138,2333.8788,3460.138,4121.3242,5559.0682
2023-12-05,2972.2959,2286.5809,3394.2571,4040.3078,5460.4088
2023-12-06,2968.9334,2284.0636,3399.598,4051.5923,5481.824
2023-12-07,2966.2061,2274.8281,3391.2823,4041.1025,5481.1355
2023-12-08,2969.5594,2281.6486,3399.4618,4054.9101,5497.9897
2023-12-11,2991.4385,2292.6788,3419.4548,4082.7651,5564.8538
2023-12-12,3003.4378,2305.138,3426.803,4089.4612,5566.1778
2023-12-13,2968.7606,2261.0183,3369.605,4023.5048,5507.5128
2023-12-14,2958.9856,2249.9385,3351.9639,4003.9545,5489.3267
2023-12-15,2942.5568,2245.2883,3341.5517,3990.2561,5449.7864
2023-12-18,2930.8036,2251.2303,3329.3657,3965.1097,5385.2702
2023-12-19,2932.3908,2257.2098,3334.0412,3970.6668,5379.8735
2023-12-20,2902.1096,2237.5812,3297.5022,3925.3575,5309.2865
2023-12-21,2918.7149,2261.3818,3330.8698,3965.8954,5338.762
2023-12-22,2914.7752,2270.5018,3337.2281,3965.4857,5311.6902
2023-12-25,2918.8126,2272.9578,3347.4508,3977.7093,5315.3746
2023-12-26,2898.8787,2262.2095,3324.7902,3948.5574,5258.2841
2023-12-27,2914.6138,2266.5441,3336.3572,3959.0457,5285.5301
2023-12-28,2954.7035,2317.7033,3414.5403,4054.1843,5382.7966
2023-12-29,2974.9348,2326.1732,3431.1099,4079.4046,5429.2288
2024-01-02,2962.2762,2292.2286,3386.3522,4030.3787,5409.4554
2024-01-03,2967.2472,2294.8357,3378.2971,4018.7277,5401.395
2024-01-04,2954.3486,2279.0361,3347.0519,3979.079,5355.3216
2024-01-05,2929.1833,2268.5377,3329.1114,3946.3877,5281.8711
2024-01-08,2887.5379,2243.8422,3286.0564,3888.8039,5167.6997
2024-01-09,2893.2513,2245.6219,3292.4994,3898.3211,5180.653
2024-01-10,2877.7023,2235.2089,3277.129,3878.4557,5158.0784
2024-01-11,2886.6502,2240.1061,3295.6717,3910.3855,5223.8633
2024-01-12,2881.9769,2237.2073,3284.1667,3894.8639,5206.178
2024-01-15,2886.2908,2238.5029,3280.9195,3889.0049,5193.2956
2024-01-16,2893.9886,2248.975,3300.8762,3902.6403,5190.3975
2024-01-17,2833.6152,2199.2587,3229.082,3810.0647,5061.5395
2024-01-18,2845.7839,2238.4588,3274.7286,3858.2257,5066.9579
2024-01-19,2832.2793,2243.5396,3269.7763,3846.4827,5018.4332
2024-01-22,2756.3399,2230.6094,3218.9016,3758.4943,4780.9748
2024-01-23,2770.9763,2226.3713,3231.9329,3784.0352,4865.743
2024-01-24,2820.7719,2260.5575,3277.1089,3831.1498,4933.7009
2024-01-25,2906.1087,2312.8544,3342.9189,3916.8155,5073.1779
2024-01-26,2910.2227,2314.3741,3333.8213,3895.914,5027.0932
2024-01-29,2883.356,2304.4364,3303.9604,3846.0966,4927.9137
2024-01-30,2830.5266,2270.9789,3245.0387,3772.6668,4814.9908
2024-01-31,2788.5482,2254.2994,3215.3518,3720.8242,4696.9796
2024-02-01,2770.7403,2248.268,3217.7109,3721.228,4678.7308
2024-02-02,2730.152,2229.0142,3179.6276,3663.7745,4563.2221
2024-02-05,2702.185,2255.2809,3200.4218,3663.4141,4460.2635
2024-02-06,2789.486,2318.8418,3311.6922,3825.4068,4805.9013
2024-02-07,2829.6956,2344.1508,3343.6303,3902.1923,5109.5685
2024-02-08,2865.9032,2352.5775,3364.9297,3934.2465,5150.2288
2024-02-19,2910.544,2371.5483,3403.8078,3976.7349,5141.6037
2024-02-20,2922.7302,2369.0834,3410.8542,3978.074,5140.9575
2024-02-21,2950.9556,2410.2278,3456.8713,4021.9349,5139.0372
2024-02-22,2988.3578,2433.0819,3486.6747,4056.4287,5176.3431
2024-02-23,3004.881,2433.4073,3489.7416,4064.8438,5197.7115
2024-02-26,2977.0221,2393.5488,3453.3585,4034.638,5195.4642
2024-02-27,3015.4807,2405.0609,3494.7874,4094.5465,5307.8043
2024-02-28,2957.8524,2385.6099,3450.2598,4026.9636,5184.0471
2024-02-29,3015.1712,2413.1361,3516.0826,4118.9607,5346.7929
2024-03-01,3027.0204,2414.8439,3537.8038,4147.9238,5379.0482
2024-03-04,3039.3055,2418.584,3540.8686,4156.2152,5388.82
2024-03-05,3047.7931,2446.4173,3565.5143,4170.8222,5351.8268
2024-03-06,3039.9309,2434.1156,3551.0481,4158.0837,5350.1016
2024-03-07,3027.4013,2426.9732,3529.7195,4124.0808,5277.2988
2024-03-08,3046.0192,2426.1679,3544.9099,4152.9035,5349.595
2024-03-11,3068.4554,2443.1064,3589.2635,4212.4962,5441.0507
2024-03-12,3055.935,2450.4693,3597.4939,4221.119,5423.7183
2024-03-13,3043.8346,2427.5969,3572.361,4200.6461,5415.1126
2024-03-14,3038.2339,2423.8556,3562.2229,4189.2482,5392.9267
2024-03-15,3054.6359,2427.1969,3569.993,4207.0455,5454.1463
2024-03-18,3084.9262,2438.1911,3603.528,4250.2152,5528.447
2024-03-19,3062.7558,2416.8349,3577.6303,4217.7019,5478.2248
2024-03-20,3079.6859,2426.4586,3585.3838,4229.9007,5493.414
2024-03-21,3077.113,2427.101,3581.0902,4219.376,5465.8286
2024-03-22,3048.0336,2403.2023,3545.0023,4176.0562,5384.5656
2024-03-25,3026.3055,2401.2113,3525.7634,4142.6672,5294.7463
2024-03-26,3031.4809,2413.7415,3543.7467,4157.1085,5284.4188
2024-03-27,2993.1388,2398.9372,3502.7866,4093.0183,5156.684
2024-03-28,3010.6636,2401.9872,3520.9648,4127.8593,5223.806
2024-03-29,3041.1669,2414.9202,3537.4843,4154.5404,5286.1612
2024-04-01,3077.3786,2441.5668,3595.6466,4231.9053,5401.2249
2024-04-02,3074.9586,2435.7569,3580.6759,4214.1816,5381.2291
2024-04-03,3069.2959,2430.169,3567.8031,4200.941,5374.5954
2024-04-08,3047.0526,2414.091,3536.4077,4158.937,5298.5912
2024-04-09,3048.5369,2404.6089,3533.4871,4164.4043,5342.8982
2024-04-10,3027.3349,2396.7427,3504.7086,4125.57,5275.4727
2024-04-11,3034.2464,2394.8667,3504.2447,4128.577,5301.8094
2024-04-12,3019.4735,2374.0471,3475.8389,4099.4976,5277.219
2024-04-15,3057.3776,2424.0168,3549.0759,4173.0344,5339.7223
2024-04-16,3007.0681,2412.3219,3511.1146,4107.536,5191.554
2024-04-17,3071.3806,2439.8558,3565.403,4185.715,5339.7467
2024-04-18,3074.2246,2445.2049,3569.8018,4186.6441,5349.8361
2024-04-19,3065.261,2430.5819,3541.6619,4156.6367,5314.8667
2024-04-22,3044.5952,2424.7473,3530.9045,4136.6985,5267.5811
2024-04-23,3021.9775,2413.7392,3506.2249,4101.9071,5208.2712
2024-04-24,3044.8223,2424.119,3521.6219,4128.7092,5263.0391
2024-04-25,3052.9,2431.6221,3530.2813,4135.8895,5259.3354
2024-04-26,3088.6357,2461.8556,3584.2686,4204.2614,5372.1209
2024-04-29,3113.0432,2474.3397,3623.9124,4260.2198,5478.4908
2024-04-30,3104.8245,2464.2435,3604.3943,4232.6885,5441.1411
2024-05-06,3140.7204,2495.7617,3657.8767,4301.8884,5528.6036
2024-05-07,3147.738,2499.7709,3659.0076,4304.1492,5527.0847
2024-05-08,3128.4798,2486.0186,3630.2233,4261.3899,5458.7559
2024-05-09,3154.3201,2501.7305,3664.561,4311.9186,5556.7712
2024-05-10,3154.5472,2508.5753,3666.2771,4305.791,5535.3954
2024-05-13,3148.0207,2506.4593,3664.6907,4293.7661,5505.2595
2024-05-14,3145.7743,2496.7361,3657.0454,4285.7992,5500.7379
2024-05-15,3119.9021,2477.3895,3626.0559,4251.0016,5446.6557
2024-05-16,3122.401,2489.4139,3640.3592,4260.7671,5424.6652
2024-05-17,3154.0263,2524.1705,3677.9696,4307.9434,5491.8944
2024-05-20,3171.1451,2532.824,3690.9623,4326.8816,5523.5013
2024-05-21,3157.9657,2525.2326,3676.1611,4302.3319,5478.9131
2024-05-22,3158.5399,2529.0398,3684.451,4307.3265,5468.6068
2024-05-23,3116.387,2500.821,3641.7917,4248.8609,5362.3053
2024-05-24,3088.8705,2474.4254,3601.4754,4202.585,5313.4546
2024-05-27,3124.0427,2497.6006,3635.7079,4243.427,5371.3693
2024-05-28,3109.5721,2490.1614,3609.1724,4209.5976,5316.1286
2024-05-29,3111.0176,2493.1691,3613.5223,4218.5961,5328.3064
2024-05-30,3091.6778,2473.758,3594.3121,4197.9554,5308.66
2024-05-31,3086.8134,2462.1831,3579.9247,4182.7067,5308.5403
2024-06-03,3078.4887,2469.0165,3588.7483,4189.8555,5274.0687
2024-06-04,3091.1992,2483.3189,3615.6714,4228.1035,5341.9496
2024-06-05,3065.4034,2468.1918,3594.7936,4199.3654,5277.9405
2024-06-06,3048.7939,2467.8865,3592.2454,4189.6447,5228.8002
2024-06-07,3051.2787,2457.2569,3574.1143,4167.5318,5208.9798
2024-06-11,3028.0451,2423.6184,3542.8771,4140.4942,5217.4702
2024-06-12,3037.4675,2423.607,3544.1225,4145.0701,5232.9534
2024-06-13,3028.9187,2412.0736,3526.1306,4120.6333,5194.59
2024-06-14,3032.6333,2426.509,3541.5331,4134.2622,5213.0927
2024-06-17,3015.8907,2416.3414,3536.1986,4132.5265,5207.128
2024-06-18,3030.2464,2415.4281,3545.5902,4146.0002,5230.8913
2024-06-19,3018.0491,2413.9722,3528.749,4120.3925,5168.8204
2024-06-20,3005.4369,2408.3379,3503.2817,4080.5666,5094.5653
2024-06-21,2998.1377,2398.9571,3495.6198,4074.6825,5102.3292
2024-06-24,2963.0989,2404.0848,3476.8102,4040.092,4992.9097
2024-06-25,2949.9963,2394.2154,3457.9023,4015.3181,4948.6343
2024-06-26,2972.5251,2398.2556,3480.2648,4052.8377,5020.4318
2024-06-27,2945.8524,2388.5609,3454.1175,4009.5522,4928.0514
2024-06-28,2967.4028,2394.8746,3461.657,4023.3329,4942.7817
2024-07-01,2994.7303,2405.4665,3478.1827,4046.4624,5003.1608
2024-07-02,2997.0111,2416.6793,3471.7857,4029.6743,4949.4771
2024-07-03,2982.3756,2414.8657,3463.4141,4017.3881,4910.9245
2024-07-04,2957.567,2407.9029,3445.8128,3991.1937,4834.4982
2024-07-05,2949.9333,2386.004,3431.0605,3985.5244,4866.2647
2024-07-08,2922.4498,2371.6891,3401.7604,3945.6431,4783.6165
2024-07-09,2959.3724,2389.3843,3439.8111,3997.3999,4876.899
2024-07-10,2939.3636,2381.831,3428.9657,3985.7207,4844.1624
2024-07-11,2970.3874,2396.407,3468.169,4043.5772,4939.7318
2024-07-12,2971.295,2412.6181,3472.4014,4046.2533,4919.3639
2024-07-15,2974.0107,2420.5214,3476.2467,4039.6426,4883.8971
2024-07-16,2976.3043,2424.755,3498.2827,4064.5602,4898.3626
2024-07-17,2962.8549,2432.8325,3501.5836,4057.2213,4856.5794
2024-07-18,2977.1334,2444.5086,3520.931,4079.2943,4877.6916
2024-07-19,2982.3086,2456.79,3539.0156,4094.4855,4872.0532
2024-07-22,2964.2155,2432.5496,3514.9249,4073.0129,4865.9778
2024-07-23,2915.3685,2396.6727,3439.8779,3975.6611,4722.7994
2024-07-24,2901.9518,2390.954,3418.1663,3946.0506,4668.0621
2024-07-25,2886.7416,2369.7153,3399.2716,3925.345,4665.4488
2024-07-26,2890.8973,2355.3163,3409.2931,3948.5897,4736.3771
2024-07-29,2891.8453,2348.4784,3390.742,3924.4203,4708.8443
2024-07-30,2879.2996,2335.3123,3369.3821,3901.8144,4699.282
2024-07-31,2938.7493,2375.3942,3442.0844,3997.4729,4886.4136
2024-08-01,2932.3871,2360.422,3419.2666,3970.3503,4852.9725
2024-08-02,2905.3375,2343.7153,3384.3919,3926.4671,4788.6159
2024-08-05,2860.6978,2328.9222,3343.3205,3869.2557,4693.8478
2024-08-06,2867.2837,2313.3361,3342.9789,3879.5731,4750.776
2024-08-07,2869.8338,2314.4261,3341.489,3877.8217,4751.9408
2024-08-08,2869.9014,2320.4245,3342.9369,3876.5315,4755.8149
2024-08-09,2862.1941,2317.9915,3331.6274,3861.3742,4720.3104
2024-08-12,2858.2046,2316.9106,3325.8645,3854.7624,4714.1586
2024-08-13,2867.946,2317.6526,3334.3903,3864.8321,4731.8353
2024-08-14,2850.6539,2306.1154,3309.2389,3830.2122,4667.0731
2024-08-15,2877.3579,2335.9381,3341.953,3866.7792,4698.375
2024-08-16,2879.4298,2345.0481,3345.634,3867.0052,4670.3789
2024-08-19,2893.6738,2357.0309,3356.9677,3878.3454,4682.9628
2024-08-20,2866.661,2346.6379,3332.7034,3844.6932,4602.0095
2024-08-21,2856.5839,2339.072,3321.635,3834.7516,4587.1218
2024-08-22,2848.7718,2341.1509,3313.1357,3818.6833,4533.3695
2024-08-23,2854.3675,2355.3787,3327.1905,3833.1891,4537.0872
2024-08-26,2855.5203,2352.2729,3324.2231,3832.6981,4544.3594
2024-08-27,2848.7312,2350.4141,3305.3338,3807.5371,4495.2856
2024-08-28,2837.4293,2336.1475,3286.4956,3790.8595,4500.0088
2024-08-29,2823.106,2317.6636,3277.6812,3795.7837,4557.9006
2024-08-30,2842.2142,2335.2146,3321.4323,3851.8711,4639.1144
2024-09-02,2811.035,2299.9325,3265.011,3780.4448,4546.8832
2024-09-03,2802.9787,2291.1775,3273.4282,3800.6625,4596.4819
2024-09-04,2784.2783,2271.8069,3252.1649,3777.3397,4582.084
2024-09-05,2788.3141,2275.1177,3257.7578,3785.9887,4601.0911
2024-09-06,2765.8066,2263.5629,3231.3457,3747.9593,4537.4544
2024-09-09,2736.4876,2232.9593,3192.9516,3706.3787,4507.1866
2024-09-10,2744.1921,2235.6866,3195.7552,3710.9126,4507.7074
2024-09-11,2721.7952,2220.798,3186.1299,3709.1969,4514.9158
2024-09-12,2717.1231,2209.5603,3172.4747,3691.6245,4496.5919
2024-09-13,2704.0896,2205.8115,3159.247,3671.0578,4450.9587
2024-09-18,2717.2813,2218.6562,3171.0102,3685.0201,4462.8701
2024-09-19,2736.0222,2229.8053,3196.0357,3716.3943,4520.3939
2024-09-20,2736.8139,2233.2565,3201.0497,3717.1664,4498.3901
2024-09-23,2748.9177,2243.0249,3212.7639,3725.7811,4494.6878
2024-09-24,2863.1255,2352.1449,3351.909,3885.1727,4689.5964
2024-09-25,2896.3057,2386.3227,3401.533,3937.3741,4731.4755
2024-09-26,3000.9526,2498.1797,3545.3204,4103.8233,4938.1839
2024-09-27,3087.5286,2571.0848,3703.6849,4298.5618,5201.6656
2024-09-30,3336.4974,2755.4044,4017.8545,4684.8913,5743.217
2024-10-08,3489.7751,2853.1376,4256.0962,4981.2967,6155.5817
2024-10-09,3258.8578,2680.7145,3955.9839,4630.9391,5735.641
2024-10-10,3301.9259,2739.0507,3997.7879,4661.0297,5690.8822
2024-10-11,3217.7377,2680.388,3887.167,4516.4741,5470.8133
2024-10-14,3284.3225,2723.183,3961.3424,4609.5528,5608.153
2024-10-15,3201.2919,2655.1159,3855.9949,4495.5654,5472.56
2024-10-16,3202.948,2650.1756,3831.589,4464.919,5461.0877
2024-10-17,3169.3843,2610.467,3788.2217,4418.5539,5418.9883
2024-10-18,3261.5633,2681.9116,3925.234,4581.324,5640.0198
2024-10-21,3268.11,2681.0567,3935.1974,4614.3517,5704.225
2024-10-22,3285.8669,2692.6613,3957.7755,4644.9181,5753.8497
2024-10-23,3302.8028,2708.0459,3973.2089,4664.2537,5776.383
2024-10-24,3280.2625,2680.7044,3928.8334,4610.7357,5726.7041
2024-10-25,3299.7003,2683.3246,3956.421,4655.9138,5809.6879
2024-10-28,3322.1975,2686.2894,3964.1569,4674.8209,5883.7203
2024-10-29,3286.407,2667.9385,3924.649,4628.6081,5812.5286
2024-10-30,3266.2378,2634.7375,3889.4487,4603.9797,5837.9338
2024-10-31,3279.8244,2633.117,3891.0396,4614.7899,5901.2904
2024-11-01,3272.0142,2651.5349,3890.0203,4597.4523,5831.8217
2024-11-04,3310.2072,2675.7707,3944.7619,4665.2022,5928.9085
2024-11-05,3386.9869,2727.6665,4044.5725,4789.7621,6111.9707
2024-11-06,3383.8062,2706.6145,4024.2831,4775.6233,6125.7868
2024-11-07,3470.6609,2797.8602,4145.6952,4893.3061,6239.5598
2024-11-08,3452.2971,2765.5385,4104.047,4860.8838,6222.445
2024-11-11,3470.0657,2753.7448,4131.1312,4913.9314,6330.6152
2024-11-12,3421.9701,2712.2651,4085.743,4862.3855,6263.883
2024-11-13,3439.2778,2728.2286,4110.8901,4883.9804,6259.8412
2024-11-14,3379.8389,2704.1521,4039.6191,4779.6745,6078.3051
2024-11-15,3330.7263,2671.4515,3968.8308,4687.8861,5924.4834
2024-11-18,3323.8486,2678.2735,3950.3806,4648.174,5833.0358
2024-11-19,3346.0098,2671.1887,3976.8912,4692.8806,5936.6015
2024-11-20,3367.9893,2676.2068,3985.7727,4715.8422,5992.3904
2024-11-21,3370.4039,2680.798,3989.2979,4716.7551,5985.3128
2024-11-22,3267.1916,2601.5573,3865.6989,4566.5518,5750.2457
2024-11-25,3263.7597,2582.0536,3848.0909,4544.7469,5735.6493
2024-11-26,3259.7572,2592.7374,3840.1847,4524.8665,5690.4792
2024-11-27,3309.7789,2625.7605,3907.0447,4608.3779,5804.9368
2024-11-28,3295.6983,2610.1214,3872.5505,4565.127,5757.5965
2024-11-29,3326.4557,2624.9558,3916.5832,4620.2722,5851.9385
2024-12-02,3363.9823,2639.0408,3947.632,4669.0692,5943.6245
2024-12-03,3378.8063,2652.8982,3951.8912,4666.9088,5932.1207
2024-12-04,3364.6498,2648.7554,3930.5568,4635.8751,5879.2695
2024-12-05,3368.8553,2635.5615,3921.5881,4631.0322,5901.9859
2024-12-06,3404.0764,2665.4281,3973.1405,4694.3257,5979.197
2024-12-09,3402.5343,2667.5924,3966.5708,4682.5165,5947.1089
2024-12-10,3422.6607,2689.3292,3995.6369,4715.9391,5992.0937
2024-12-11,3432.4902,2676.5518,3988.8308,4717.1779,6047.105
2024-12-12,3461.4998,2702.2681,4028.5048,4759.4119,6100.3945
2024-12-13,3391.8782,2638.0266,3933.1808,4649.9465,5988.292
2024-12-16,3386.3312,2641.5604,3911.8416,4617.1709,5912.6014
2024-12-17,3361.485,2652.3455,3922.0334,4616.9456,5848.1628
2024-12-18,3382.2081,2671.3461,3941.89,4643.6927,5888.6162
2024-12-19,3370.0331,2661.7224,3945.4635,4653.5084,5901.9155
2024-12-20,3368.0693,2648.4609,3927.7441,4639.2146,5917.1751
2024-12-23,3351.2571,2671.2025,3933.5718,4626.1369,5818.551
2024-12-24,3393.5281,2702.282,3983.6882,4682.2223,5895.2595
2024-12-25,3393.3501,2710.1649,3985.6291,4673.1441,5840.2889
2024-12-26,3398.0765,2702.5952,3987.4801,4684.843,5887.0605
2024-12-27,3400.142,2701.7031,3981.0307,4678.6835,5899.1665
2024-12-30,3407.3259,2718.7486,3999.0549,4693.2317,5898.884
2024-12-31,3351.763,2684.7706,3934.9109,4608.9405,5725.7324
2025-01-02,3262.5607,2610.342,3820.3952,4473.6597,5545.8174
2025-01-03,3211.4299,2587.1316,3775.1648,4411.0352,5427.8041
2025-01-06,3206.9228,2579.9632,3768.9697,4402.911,5427.1007
2025-01-07,3229.6439,2593.9654,3796.1055,4440.9927,5484.6847
2025-01-08,3230.1679,2597.4459,3789.2153,4428.278,5461.5861
2025-01-09,3211.3933,2579.5751,3779.8773,4424.244,5456.5863
2025-01-10,3168.5238,2560.2497,3732.4806,4365.5396,5369.2811
2025-01-13,3160.755,2553.3593,3722.513,4358.1951,5381.6974
2025-01-14,3240.94,2598.8068,3820.5395,4484.0943,5572.2722
2025-01-15,3227.1167,2591.5027,3796.026,4452.022,5522.459
2025-01-16,3236.032,2580.1177,3800.3836,4458.9554,5545.6336
2025-01-17,3241.8212,2582.4859,3812.3429,4476.9817,5587.2939
2025-01-20,3244.3776,2589.0685,3829.6764,4499.5431,5614.3311
2025-01-21,3242.6226,2584.8889,3832.6145,4507.0593,5633.9249
2025-01-22,3213.6237,2551.3535,3797.0166,4466.6551,5607.0594
2025-01-23,3230.1637,2567.4765,3803.7439,4463.9674,5584.2548
2025-01-24,3252.6264,2579.096,3832.8637,4504.0095,5649.9504
2025-01-27,3250.6007,2583.6516,3817.0802,4478.6606,5589.3432
2025-02-05,3229.4876,2561.9419,3795.0848,4468.2444,5614.3872
2025-02-06,3270.6594,2580.4257,3842.8314,4540.9167,5747.9012
2025-02-07,3303.6666,2608.0888,3892.7028,4606.1876,5833.9883
2025-02-10,3322.1698,2621.0404,3901.0618,4627.011,5888.5509
2025-02-11,3318.0569,2614.3218,3883.1352,4603.1353,5858.2805
2025-02-12,3346.3854,2640.0458,3919.8617,4652.6661,5940.5299
2025-02-13,3332.4826,2641.1305,3905.1398,4630.5645,5898.2611
2025-02-14,3346.7242,2660.8549,3939.0085,4675.9742,5947.796
2025-02-17,3355.8296,2664.475,3947.3983,4681.5176,5948.7197
2025-02-18,3324.4906,2651.1117,3912.7829,4629.25,5840.7112
2025-02-19,3351.5392,2663.6032,3940.1602,4674.2825,5943.8823
2025-02-20,3350.7833,2648.1665,3928.8959,4667.8786,5957.5465
2025-02-21,3379.1128,2682.2385,3978.444,4734.8618,6057.0648
2025-02-24,3373.0276,2674.1169,3969.7169,4725.3504,6044.973
2025-02-25,3346.0398,2643.2325,3925.6505,4673.9922,5979.9653
2025-02-26,3380.2144,2666.6563,3959.9413,4712.6208,6051.7401
2025-02-27,3388.0622,2679.0768,3968.1159,4712.3286,6028.9856
2025-02-28,3320.8973,2638.9574,3890.0487,4606.3568,5859.8708
2025-03-03,3316.9253,2628.5236,3888.4738,4611.5773,5885.7696
2025-03-04,3324.2099,2621.2168,3885.2208,4613.7987,5937.6302
2025-03-05,3341.9649,2641.4462,3902.5706,4632.2461,5950.7034
2025-03-06,3381.0983,2683.9491,3956.2369,4704.5761,6047.7734
2025-03-07,3372.5458,2682.0161,3944.0143,4690.5557,6013.7747
2025-03-10,3366.163,2668.8062,3928.8018,4677.5246,6013.6191
2025-03-11,3379.8284,2682.223,3941.4157,4692.0389,6044.9742
2025-03-12,3371.9235,2669.0146,3927.2315,4676.3047,6040.4965
2025-03-13,3358.7285,2664.6173,3911.5793,4648.5293,5993.967
2025-03-14,3419.5616,2740.5066,4006.5567,4755.1501,6099.9809
2025-03-17,3426.1285,2737.9227,3996.7876,4748.0978,6108.0176
2025-03-18,3429.7593,2739.7453,4007.7229,4765.5534,6133.3018
2025-03-19,3426.4291,2746.9627,4010.168,4758.8903,6101.4369
2025-03-20,3408.9482,2718.1862,3974.9918,4718.1824,6059.4859
2025-03-21,3364.8307,2675.3578,3914.6956,4642.7435,5971.9302
2025-03-24,3370.0283,2693.3313,3934.8486,4661.7548,5969.0789
2025-03-25,3369.9763,2691.8976,3932.2951,4653.2483,5946.951
2025-03-26,3368.6973,2677.3121,3919.3566,4638.7278,5948.4986
2025-03-27,3373.7489,2690.8428,3932.4117,4652.0664,5957.6017
2025-03-28,3351.3068,2679.7399,3915.1662,4627.1403,5916.0314
2025-03-31,3335.7462,2665.6339,3887.3056,4591.7127,5857.7721
2025-04-01,3348.4351,2662.7113,3887.6841,4596.4382,5892.8502
2025-04-02,3350.1266,2658.6209,3884.3858,4590.6699,5899.0865
2025-04-03,3342.0077,2662.2522,3861.5034,4554.2481,5845.5045
2025-04-07,3096.5762,2516.9653,3589.4406,4199.0917,5287.0333
2025-04-08,3145.5491,2574.3529,3650.759,4259.3095,5326.914
2025-04-09,3186.8099,2597.1016,3686.7943,4311.8391,5439.7716
2025-04-10,3223.6379,2612.619,3735.1151,4376.2774,5544.0646
2025-04-11,3238.2268,2619.5762,3750.5167,4400.6428,5581.3184
2025-04-14,3262.8075,2628.206,3759.1422,4417.5218,5627.1375
2025-04-15,3267.6623,2634.5926,3761.2348,4412.3111,5602.534
2025-04-16,3276.0039,2658.4955,3772.8204,4415.3764,5556.8642
2025-04-17,3280.3412,2659.8958,3772.2221,4412.4193,5557.0105
2025-04-18,3276.7304,2657.6367,3772.523,4413.1407,5560.7207
2025-04-21,3291.4341,2652.8103,3784.8806,4444.332,5642.3805
2025-04-22,3299.7571,2656.5387,3783.9522,4436.5102,5624.209
2025-04-23,3296.3552,2648.8297,3786.8824,4444.9653,5634.9487
2025-04-24,3297.2881,2655.3644,3784.3574,4435.1837,5605.8796
2025-04-25,3295.06,2648.8101,3786.9937,4443.1746,5627.1804
2025-04-28,3288.4147,2651.2252,3781.6188,4432.1385,5598.2951
2025-04-29,3286.6548,2645.5122,3775.0767,4431.6336,5604.9057
2025-04-30,3279.0314,2633.1603,3770.5705,4435.81,5631.8249
2025-05-06,3316.1135,2647.7166,3808.5424,4494.626,5740.3338
2025-05-07,3342.6651,2670.7023,3831.627,4517.504,5750.2911
2025-05-08,3351.9958,2679.509,3852.8963,4543.64,5773.8056
2025-05-09,3341.9989,2684.0056,3846.1566,4526.2419,5721.7225
2025-05-12,3369.2445,2702.6172,3890.6096,4583.1916,5793.6743
2025-05-13,3374.8707,2708.0588,3896.2583,4584.6995,5781.6683
2025-05-14,3403.9481,2753.785,3943.2108,4626.0749,5799.1191
2025-05-15,3380.8214,2740.2976,3907.1992,4578.1774,5715.2966
2025-05-16,3367.4619,2716.6618,3889.0854,4563.0199,5715.8491
2025-05-19,3367.5829,2705.0884,3877.1453,4552.4145,5720.7949
2025-05-20,3380.478,2716.6294,3898.1705,4579.383,5747.367
2025-05-21,3387.5736,2728.4262,3916.3807,4599.6658,5757.9225
2025-05-22,3380.1885,2733.6323,3913.8651,4585.8343,5703.2797
2025-05-23,3348.3717,2711.8524,3882.2741,4549.8879,5653.0436
2025-05-26,3346.8388,2699.4225,3860.1067,4531.7345,5669.4609
2025-05-27,3340.687,2685.2812,3839.3969,4504.8643,5652.1454
2025-05-28,3339.9319,2683.0628,3836.2366,4497.616,5637.2378
2025-05-29,3363.4455,2690.8926,3858.6998,4532.1821,5719.9101
2025-05-30,3347.4873,2678.6955,3840.2323,4503.4596,5671.0723
2025-06-03,3361.9755,2687.296,3852.0127,4512.0749,5694.8385
2025-06-04,3376.2029,2690.8243,3868.7429,4533.8339,5739.0058
2025-06-05,3384.0985,2692.1287,3877.5557,4549.5389,5769.9675
2025-06-06,3385.3579,2688.8504,3873.9841,4545.0977,5762.0778
2025-06-09,3399.7716,2686.8276,3885.2459,4562.7654,5805.6543
2025-06-10,3384.8163,2676.4013,3865.4652,4536.0459,5757.9921
2025-06-11,3402.3159,2692.1365,3894.6252,4567.4924,5792.9464
2025-06-12,3402.658,2691.2752,3892.1992,4566.6038,5799.9319
2025-06-13,3376.996,2676.4328,3864.1822,4532.7952,5740.2397
2025-06-16,3388.7293,2685.0092,3873.7951,4543.9899,5767.8083
2025-06-17,3387.4049,2683.9528,3870.3786,4537.1822,5750.9122
2025-06-18,3388.8086,2679.9218,3874.9708,4540.4119,5745.8714
2025-06-19,3362.1082,2665.5197,3843.0912,4499.8166,5676.8317
2025-06-20,3359.8954,2673.7191,3846.6443,4492.5406,5639.513
2025-06-23,3381.5816,2684.7761,3857.9016,4509.8859,5674.1704
2025-06-24,3420.566,2715.9216,3904.0342,4570.1885,5765.8373
2025-06-25,3455.9736,2747.7278,3960.0662,4631.2658,5862.5529
2025-06-26,3448.4534,2738.4657,3946.0195,4614.444,5838.2454
2025-06-27,3424.2267,2707.5688,3921.7578,4601.7672,5863.7282
2025-06-30,3444.4256,2711.9853,3936.0791,4630.4534,5915.3876
2025-07-01,3457.7474,2717.7128,3942.762,4636.789,5934.67
2025-07-02,3454.7924,2722.5522,3943.6849,4627.6555,5892.9505
2025-07-03,3461.1506,2724.5488,3968.0676,4656.9063,5922.66
2025-07-04,3472.3192,2740.444,3982.2034,4662.5144,5911.4352
2025-07-07,3473.1271,2731.5324,3965.1746,4639.96,5900.4056
2025-07-08,3497.4753,2747.1875,3998.4527,4687.5758,5977.7437
2025-07-09,3493.0495,2739.9202,3991.4006,4676.0508,5953.4871
2025-07-10,3509.6818,2756.9349,4010.0243,4696.4381,5983.0505
2025-07-11,3510.1772,2756.7725,4014.807,4707.0772,6027.0789
2025-07-14,3519.6498,2757.808,4017.6678,4709.7777,6020.8585
2025-07-15,3504.9988,2747.2269,4019.0644,4717.8875,6018.7583
2025-07-16,3503.7769,2740.9006,4007.2019,4707.3519,6017.1947
2025-07-17,3516.8255,2744.2604,4034.491,4749.7362,6082.4644
2025-07-18,3534.4827,2764.516,4058.5486,4773.2394,6099.6104
2025-07-21,3559.7912,2772.2385,4085.6072,4808.6219,6161.3086
2025-07-22,3581.8611,2792.1823,4118.9582,4849.167,6213.4072
2025-07-23,3582.298,2801.2002,4119.7685,4844.3264,6196.7577
2025-07-24,3605.7269,2812.4428,4149.0368,4888.719,6293.5984
2025-07-25,3593.6553,2795.5127,4127.1634,4871.116,6299.5908
2025-07-28,3597.9369,2802.7674,4135.8242,4885.7748,6323.4198
2025-07-29,3609.7113,2808.5917,4152.0247,4910.1899,6356.1327
2025-07-30,3615.7167,2819.3508,4151.2379,4899.1984,6314.6873
2025-07-31,3573.2082,2775.9935,4075.5912,4813.3899,6226.3432
2025-08-01,3559.9518,2754.1302,4054.9286,4792.4197,6213.2014
2025-08-04,3583.3088,2769.3934,4070.7023,4814.0672,6261.7313
2025-08-05,3617.5976,2790.7287,4103.45,4846.5077,6303.2359
2025-08-06,3633.9949,2797.4234,4113.4852,4866.3364,6357.3769
2025-08-07,3639.6666,2798.3111,4114.666,4864.0702,6337.5425
2025-08-08,3635.1281,2789.1744,4104.9669,4852.4132,6323.4999
2025-08-11,3647.5467,2789.8959,4122.5106,4886.8439,6391.7595
2025-08-12,3665.9177,2807.0124,4143.8252,4907.7999,6418.1595
2025-08-13,3683.4648,2812.9804,4176.5776,4956.0257,6508.0978
2025-08-14,3666.4426,2829.4703,4173.3131,4939.0546,6429.8462
2025-08-15,3696.7705,2832.8759,4202.3533,4985.8298,6568.57
2025-08-18,3728.0273,2838.8726,4239.4125,5038.681,6668.1726
2025-08-19,3727.2879,2812.4225,4223.3741,5016.8246,6655.3105
2025-08-20,3766.2104,2846.9907,4271.3958,5075.2184,6728.0692
2025-08-21,3771.0989,2862.1764,4288.0707,5089.3353,6704.1657
2025-08-22,3825.7592,2928.6135,4377.9977,5198.9127,6822.8469
2025-08-25,3883.5617,2989.8549,4469.2217,5311.7336,6951.8955
2025-08-26,3868.382,2969.7762,4452.5905,5304.5126,6964.0653
2025-08-27,3800.3499,2918.3789,4386.1266,5227.9827,6862.5624
2025-08-28,3843.5974,2960.7266,4463.782,5327.8815,7011.1602
2025-08-29,3857.9274,2976.4732,4496.7591,5372.764,7043.9416
2025-09-01,3875.5304,2981.2024,4523.7111,5418.5209,7110.2882
2025-09-02,3858.1334,2992.881,4490.4528,5358.4445,6961.6894
2025-09-03,3813.5566,2960.9933,4459.8296,5323.4913,6868.4615
2025-09-04,3765.8759,2910.47,4365.2085,5192.0176,6698.4474
2025-09-05,3812.5143,2942.2162,4460.3249,5333.0747,6913.9532
2025-09-08,3826.8407,2939.8823,4467.5733,5358.7022,6992.1169
2025-09-09,3807.2923,2928.6323,4436.2584,5314.409,6928.9651
2025-09-10,3812.2212,2939.5911,4445.3649,5325.8086,6932.1092
2025-09-11,3875.3094,2983.0829,4548.0345,5454.2736,7122.7051
2025-09-12,3870.5984,2968.5397,4521.998,5432.2147,7147.7489
2025-09-15,3860.5036,2962.6154,4533.0557,5448.412,7137.3627
2025-09-16,3861.8651,2947.8222,4523.3367,5449.9773,7190.9928
2025-09-17,3876.3409,2952.7778,4551.023,5492.4094,7260.0353
2025-09-18,3831.6562,2912.8256,4498.109,5433.7597,7199.8828
2025-09-19,3820.0894,2909.7442,4501.9195,5433.289,7170.3488
2025-09-22,3828.5764,2922.1795,4522.608,5457.289,7225.1281
2025-09-23,3821.8327,2919.5148,4519.7781,5446.018,7180.7137
2025-09-24,3853.6422,2939.5078,4566.0708,5521.8186,7323.7093
2025-09-25,3853.3021,2952.7352,4593.4875,5561.1343,7341.3238
2025-09-26,3828.106,2941.0184,4550.0487,5497.7278,7240.9114
2025-09-29,3862.5317,2973.0417,4620.0528,5579.0262,7350.5599
2025-09-30,3882.7774,2988.9386,4640.6935,5618.713,7412.3684
2025-10-09,3933.9724,3020.5964,4709.482,5708.2876,7548.9226
2025-10-10,3897.0281,2974.8535,4616.8341,5577.653,7398.2241
2025-10-13,3889.5022,2967.206,4593.9785,5550.2962,7376.5636
2025-10-14,3865.2289,2961.101,4539.0644,5451.586,7194.8509
2025-10-15,3912.2095,3001.3489,4606.2879,5534.0924,7294.0014
2025-10-16,3916.228,3019.1966,4618.4218,5531.7861,7231.5336
2025-10-17,3839.7553,2967.7748,4514.2345,5392.9696,7016.0661
2025-10-20,3863.8926,2974.8648,4538.2201,5427.0792,7069.6412
2025-10-21,3916.3322,3007.2634,4607.8715,5516.4771,7185.624
2025-10-22,3913.7576,3010.0951,4592.57,5494.7354,7128.4776
2025-10-23,3922.4101,3026.9044,4606.3447,5510.4633,7142.9536
2025-10-24,3950.3115,3045.8161,4660.6835,5586.3547,7258.5343
2025-10-27,3996.9445,3069.5293,4716.0186,5658.848,7379.3941
2025-10-28,3988.2239,3050.4162,4691.973,5628.2923,7341.0304
2025-10-29,4016.331,3063.021,4747.8378,5703.9885,7480.9666
2025-10-30,3986.9008,3046.6108,4709.911,5653.7481,7385.7109
2025-10-31,3954.79,3011.5547,4640.6676,5583.7242,7331.0031
2025-11-03,3976.5207,3016.3507,4653.4028,5594.4081,7333.6013
2025-11-04,3960.186,3012.9691,4618.699,5535.3659,7210.8253
2025-11-05,3969.2483,3007.97,4627.257,5548.0698,7229.341
2025-11-06,4007.7599,3044.7416,4693.4032,5633.5172,7345.723
2025-11-07,3997.5557,3038.3455,4678.7944,5622.1163,7327.9108
2025-11-10,4018.5972,3053.857,4695.0507,5635.3859,7343.8017
2025-11-11,4002.7576,3034.6329,4652.1655,5588.2301,7291.6084
2025-11-12,4000.1396,3044.3011,4645.9079,5574.5059,7243.2483
2025-11-13,4029.5012,3073.6656,4702.0738,5654.4394,7355.2911
2025-11-14,3990.4921,3038.4255,4628.1398,5563.5019,7235.4617
2025-11-17,3972.0348,3012.0714,4598.0525,5540.1082,7235.3512
2025-11-18,3939.8131,3003.0175,4568.1928,5496.5364,7151.0176
2025-11-19,3946.7424,3020.3487,4588.2922,5512.3838,7122.7465
2025-11-20,3931.0512,3008.2904,4564.9483,5475.5503,7061.9497
2025-11-21,3834.8908,2955.8541,4453.6076,5325.9875,6817.4103
2025-11-24,3836.7655,2950.562,4448.0478,5334.3149,6868.9664
2025-11-25,3870.0228,2968.2023,4490.4047,5392.9109,6954.6034
2025-11-26,3864.1844,2971.7985,4517.6255,5422.5212,6965.0453
2025-11-27,3875.2594,2972.2651,4515.4027,5415.9267,6951.2844
2025-11-28,3888.5962,2969.6171,4526.6616,5440.9431,7031.5505
2025-12-01,3914.0061,2993.6761,4576.4856,5505.2763,7101.8323
2025-12-02,3897.7116,2978.4671,4554.3347,5471.1852,7040.3008
2025-12-03,3877.9996,2963.0763,4531.0486,5440.6233,6996.3552
2025-12-04,3875.7933,2974.3371,4546.5664,5461.7504,7012.8061
2025-12-05,3902.8076,3002.0087,4584.5368,5513.753,7097.8389
2025-12-08,3924.0778,3019.362,4621.7545,5561.3663,7172.3671
2025-12-09,3909.5216,2997.9603,4598.2232,5530.0336,7121.3256
2025-12-10,3900.496,2988.6375,4591.8273,5532.5903,7155.9944
2025-12-11,3873.3176,2977.0319,4552.1848,5486.3075,7082.8932
2025-12-12,3889.3457,2994.6446,4580.95,5530.3907,7169.791
2025-12-15,3867.9209,2987.0684,4552.0596,5490.1205,7113.962
2025-12-16,3824.8119,2954.7872,4497.5545,5414.9348,7001.3188
2025-12-17,3870.2775,2991.6777,4579.875,5520.7799,7137.8339
2025-12-18,3876.3705,2998.517,4552.7926,5486.2618,7100.8359
2025-12-19,3890.4475,3004.3401,4568.1781,5516.1706,7169.5511
2025-12-22,3917.3638,3020.2285,4611.6235,5580.2783,7255.6607
2025-12-23,3919.9786,3027.5195,4620.7341,5592.4337,7256.7864
2025-12-24,3940.947,3025.1839,4634.0586,5622.5153,7352.0396
2025-12-25,3959.6211,3032.8414,4642.5357,5636.7388,7410.7119
2025-12-26,3963.6789,3045.4036,4657.24,5667.8201,7458.8386
2025-12-29,3965.2796,3034.6347,4639.3721,5640.7597,7430.6147
2025-12-30,3965.1159,3036.5523,4651.2818,5658.687,7458.936
